MOD,1499378264000,MODIFY,annotation/compiler/src/main/java/com/bumptech/glide/annotation/compiler/AppModuleGenerator.java,annotation/compiler/src/main/java/com/bumptech/glide/annotation/compiler/AppModuleGenerator.java,0
MOD,1499378264000,MODIFY,integration/okhttp/src/main/java/com/bumptech/glide/integration/okhttp/OkHttpGlideModule.java,integration/okhttp/src/main/java/com/bumptech/glide/integration/okhttp/OkHttpGlideModule.java,0
MOD,1499378264000,MODIFY,integration/okhttp/src/main/java/com/bumptech/glide/integration/okhttp/OkHttpLibraryGlideModule.java,integration/okhttp/src/main/java/com/bumptech/glide/integration/okhttp/OkHttpLibraryGlideModule.java,0
MOD,1499378264000,MODIFY,integration/okhttp3/src/main/java/com/bumptech/glide/integration/okhttp3/OkHttpGlideModule.java,integration/okhttp3/src/main/java/com/bumptech/glide/integration/okhttp3/OkHttpGlideModule.java,0
MOD,1499378264000,MODIFY,integration/okhttp3/src/main/java/com/bumptech/glide/integration/okhttp3/OkHttpLibraryGlideModule.java,integration/okhttp3/src/main/java/com/bumptech/glide/integration/okhttp3/OkHttpLibraryGlideModule.java,0
MOD,1499378264000,MODIFY,integration/volley/src/main/java/com/bumptech/glide/integration/volley/VolleyGlideModule.java,integration/volley/src/main/java/com/bumptech/glide/integration/volley/VolleyGlideModule.java,0
MOD,1499378264000,MODIFY,integration/volley/src/main/java/com/bumptech/glide/integration/volley/VolleyLibraryGlideModule.java,integration/volley/src/main/java/com/bumptech/glide/integration/volley/VolleyLibraryGlideModule.java,0
MOD,1499378264000,MODIFY,library/src/main/java/com/bumptech/glide/Glide.java,library/src/main/java/com/bumptech/glide/Glide.java,0
MOD,1499378264000,MODIFY,library/src/main/java/com/bumptech/glide/module/LibraryGlideModule.java,library/src/main/java/com/bumptech/glide/module/LibraryGlideModule.java,0
MOD,1499378264000,MODIFY,library/src/main/java/com/bumptech/glide/module/RegistersComponents.java,library/src/main/java/com/bumptech/glide/module/RegistersComponents.java,0
MOD,1499378264000,MODIFY,library/src/test/java/com/bumptech/glide/GlideTest.java,library/src/test/java/com/bumptech/glide/GlideTest.java,0
MOD,1499378264000,MODIFY,library/src/test/java/com/bumptech/glide/module/ManifestParserTest.java,library/src/test/java/com/bumptech/glide/module/ManifestParserTest.java,0
MOD,1499378264000,MODIFY,samples/flickr/src/main/java/com/bumptech/glide/samples/flickr/FlickrGlideModule.java,samples/flickr/src/main/java/com/bumptech/glide/samples/flickr/FlickrGlideModule.java,0
MOD,1499378264000,MODIFY,samples/giphy/src/main/java/com/bumptech/glide/samples/giphy/GiphyGlideModule.java,samples/giphy/src/main/java/com/bumptech/glide/samples/giphy/GiphyGlideModule.java,0
MOD,1499456033000,MODIFY,library/src/main/java/com/bumptech/glide/Glide.java,library/src/main/java/com/bumptech/glide/Glide.java,0
MOD,1499961811000,MODIFY,library/src/main/java/com/bumptech/glide/Glide.java,library/src/main/java/com/bumptech/glide/Glide.java,0
MOD,1499961811000,MODIFY,library/src/main/java/com/bumptech/glide/module/RegistersComponents.java,library/src/main/java/com/bumptech/glide/module/RegistersComponents.java,0
MOD,1499961811000,MODIFY,samples/svg/src/main/java/com/bumptech/glide/samples/svg/SvgModule.java,samples/svg/src/main/java/com/bumptech/glide/samples/svg/SvgModule.java,0
MOD,1500048152000,MODIFY,library/src/main/java/com/bumptech/glide/load/model/LazyHeaders.java,library/src/main/java/com/bumptech/glide/load/model/LazyHeaders.java,0
MOD,1500646705000,MODIFY,library/src/main/java/com/bumptech/glide/load/data/DataFetcher.java,library/src/main/java/com/bumptech/glide/load/data/DataFetcher.java,0
MOD,1500646862000,MODIFY,README.md,README.md,0
MOD,1501544024000,MODIFY,library/src/main/java/com/bumptech/glide/request/target/ViewTarget.java,library/src/main/java/com/bumptech/glide/request/target/ViewTarget.java,0
MOD,1501544024000,MODIFY,library/src/test/java/com/bumptech/glide/request/target/ViewTargetTest.java,library/src/test/java/com/bumptech/glide/request/target/ViewTargetTest.java,0
MOD,1501552544000,MODIFY,README.md,README.md,0
MOD,1501596756000,MODIFY,library/src/main/java/com/bumptech/glide/manager/DefaultConnectivityMonitorFactory.java,library/src/main/java/com/bumptech/glide/manager/DefaultConnectivityMonitorFactory.java,0
MOD,1501601493000,MODIFY,gradle.properties,gradle.properties,0
MOD,1501603693000,MODIFY,README.md,README.md,0
MOD,1501720625000,MODIFY,gradle.properties,gradle.properties,0
MOD,1500400647000,MODIFY,library/src/test/java/com/bumptech/glide/GlideTest.java,library/src/test/java/com/bumptech/glide/GlideTest.java,0
MOD,1501861428000,MODIFY,library/src/main/java/com/bumptech/glide/request/RequestOptions.java,library/src/main/java/com/bumptech/glide/request/RequestOptions.java,0
MOD,1501861428000,MODIFY,library/src/test/java/com/bumptech/glide/request/RequestOptionsTest.java,library/src/test/java/com/bumptech/glide/request/RequestOptionsTest.java,0
MOD,1501862514000,MODIFY,integration/okhttp/build.gradle,integration/okhttp/build.gradle,0
MOD,1501862514000,MODIFY,integration/okhttp/src/main/java/com/bumptech/glide/integration/okhttp/OkHttpStreamFetcher.java,integration/okhttp/src/main/java/com/bumptech/glide/integration/okhttp/OkHttpStreamFetcher.java,0
MOD,1501862514000,MODIFY,integration/okhttp3/build.gradle,integration/okhttp3/build.gradle,0
MOD,1501862514000,MODIFY,integration/okhttp3/src/main/java/com/bumptech/glide/integration/okhttp3/OkHttpStreamFetcher.java,integration/okhttp3/src/main/java/com/bumptech/glide/integration/okhttp3/OkHttpStreamFetcher.java,0
MOD,1501862514000,MODIFY,integration/volley/build.gradle,integration/volley/build.gradle,0
MOD,1501862514000,MODIFY,integration/volley/src/main/java/com/bumptech/glide/integration/volley/VolleyStreamFetcher.java,integration/volley/src/main/java/com/bumptech/glide/integration/volley/VolleyStreamFetcher.java,0
MOD,1501862514000,MODIFY,library/src/main/java/com/bumptech/glide/load/data/AssetPathFetcher.java,library/src/main/java/com/bumptech/glide/load/data/AssetPathFetcher.java,0
MOD,1501862514000,MODIFY,library/src/main/java/com/bumptech/glide/load/data/DataFetcher.java,library/src/main/java/com/bumptech/glide/load/data/DataFetcher.java,0
MOD,1501862514000,MODIFY,library/src/main/java/com/bumptech/glide/load/data/FileDescriptorAssetPathFetcher.java,library/src/main/java/com/bumptech/glide/load/data/FileDescriptorAssetPathFetcher.java,0
MOD,1501862514000,MODIFY,library/src/main/java/com/bumptech/glide/load/data/FileDescriptorLocalUriFetcher.java,library/src/main/java/com/bumptech/glide/load/data/FileDescriptorLocalUriFetcher.java,0
MOD,1501862514000,MODIFY,library/src/main/java/com/bumptech/glide/load/data/HttpUrlFetcher.java,library/src/main/java/com/bumptech/glide/load/data/HttpUrlFetcher.java,0
MOD,1501862514000,MODIFY,library/src/main/java/com/bumptech/glide/load/data/LocalUriFetcher.java,library/src/main/java/com/bumptech/glide/load/data/LocalUriFetcher.java,0
MOD,1501862514000,MODIFY,library/src/main/java/com/bumptech/glide/load/data/StreamAssetPathFetcher.java,library/src/main/java/com/bumptech/glide/load/data/StreamAssetPathFetcher.java,0
MOD,1501862514000,MODIFY,library/src/main/java/com/bumptech/glide/load/data/StreamLocalUriFetcher.java,library/src/main/java/com/bumptech/glide/load/data/StreamLocalUriFetcher.java,0
MOD,1501862514000,MODIFY,library/src/main/java/com/bumptech/glide/load/data/mediastore/ThumbFetcher.java,library/src/main/java/com/bumptech/glide/load/data/mediastore/ThumbFetcher.java,0
MOD,1501862514000,MODIFY,library/src/main/java/com/bumptech/glide/load/model/ByteArrayLoader.java,library/src/main/java/com/bumptech/glide/load/model/ByteArrayLoader.java,0
MOD,1501862514000,MODIFY,library/src/main/java/com/bumptech/glide/load/model/ByteBufferFileLoader.java,library/src/main/java/com/bumptech/glide/load/model/ByteBufferFileLoader.java,0
MOD,1501862514000,MODIFY,library/src/main/java/com/bumptech/glide/load/model/DataUrlLoader.java,library/src/main/java/com/bumptech/glide/load/model/DataUrlLoader.java,0
MOD,1501862514000,MODIFY,library/src/main/java/com/bumptech/glide/load/model/FileLoader.java,library/src/main/java/com/bumptech/glide/load/model/FileLoader.java,0
MOD,1501862514000,MODIFY,library/src/main/java/com/bumptech/glide/load/model/MediaStoreFileLoader.java,library/src/main/java/com/bumptech/glide/load/model/MediaStoreFileLoader.java,0
MOD,1501862514000,MODIFY,library/src/main/java/com/bumptech/glide/load/model/MultiModelLoader.java,library/src/main/java/com/bumptech/glide/load/model/MultiModelLoader.java,0
MOD,1501862514000,MODIFY,library/src/main/java/com/bumptech/glide/load/model/UnitModelLoader.java,library/src/main/java/com/bumptech/glide/load/model/UnitModelLoader.java,0
MOD,1501862514000,MODIFY,library/src/test/java/com/bumptech/glide/load/data/LocalUriFetcherTest.java,library/src/test/java/com/bumptech/glide/load/data/LocalUriFetcherTest.java,0
MOD,1501870295000,MODIFY,library/src/main/java/com/bumptech/glide/RequestBuilder.java,library/src/main/java/com/bumptech/glide/RequestBuilder.java,0
MOD,1501870295000,MODIFY,library/src/main/java/com/bumptech/glide/request/Request.java,library/src/main/java/com/bumptech/glide/request/Request.java,0
MOD,1501870295000,MODIFY,library/src/main/java/com/bumptech/glide/request/RequestOptions.java,library/src/main/java/com/bumptech/glide/request/RequestOptions.java,0
MOD,1501870295000,MODIFY,library/src/main/java/com/bumptech/glide/request/SingleRequest.java,library/src/main/java/com/bumptech/glide/request/SingleRequest.java,0
MOD,1501870295000,MODIFY,library/src/main/java/com/bumptech/glide/request/ThumbnailRequestCoordinator.java,library/src/main/java/com/bumptech/glide/request/ThumbnailRequestCoordinator.java,0
MOD,1501870295000,MODIFY,library/src/main/java/com/bumptech/glide/util/Util.java,library/src/main/java/com/bumptech/glide/util/Util.java,0
MOD,1501870295000,MODIFY,library/src/test/java/com/bumptech/glide/request/RequestOptionsTest.java,library/src/test/java/com/bumptech/glide/request/RequestOptionsTest.java,0
MOD,1501870295000,MODIFY,library/src/test/java/com/bumptech/glide/request/SingleRequestTest.java,library/src/test/java/com/bumptech/glide/request/SingleRequestTest.java,0
MOD,1501870295000,MODIFY,library/src/test/java/com/bumptech/glide/request/ThumbnailRequestCoordinatorTest.java,library/src/test/java/com/bumptech/glide/request/ThumbnailRequestCoordinatorTest.java,0
MOD,1502119970000,MODIFY,library/src/main/java/com/bumptech/glide/request/SingleRequest.java,library/src/main/java/com/bumptech/glide/request/SingleRequest.java,0
MOD,1502119970000,MODIFY,library/src/test/java/com/bumptech/glide/request/SingleRequestTest.java,library/src/test/java/com/bumptech/glide/request/SingleRequestTest.java,0
MOD,1502127924000,MODIFY,annotation/compiler/build.gradle,annotation/compiler/build.gradle,0
MOD,1502127924000,MODIFY,checkstyle.xml,checkstyle.xml,0
MOD,1502127924000,MODIFY,library/src/main/java/com/bumptech/glide/request/RequestOptions.java,library/src/main/java/com/bumptech/glide/request/RequestOptions.java,0
MOD,1502139467000,MODIFY,library/src/main/java/com/bumptech/glide/Glide.java,library/src/main/java/com/bumptech/glide/Glide.java,0
MOD,1502139467000,MODIFY,library/src/main/java/com/bumptech/glide/GlideContext.java,library/src/main/java/com/bumptech/glide/GlideContext.java,0
MOD,1502139467000,MODIFY,library/src/main/java/com/bumptech/glide/RequestManager.java,library/src/main/java/com/bumptech/glide/RequestManager.java,0
MOD,1502139467000,MODIFY,library/src/main/java/com/bumptech/glide/manager/RequestManagerFragment.java,library/src/main/java/com/bumptech/glide/manager/RequestManagerFragment.java,0
MOD,1502139467000,MODIFY,library/src/main/java/com/bumptech/glide/manager/SupportRequestManagerFragment.java,library/src/main/java/com/bumptech/glide/manager/SupportRequestManagerFragment.java,0
MOD,1502139467000,MODIFY,library/src/test/java/com/bumptech/glide/manager/RequestManagerFragmentTest.java,library/src/test/java/com/bumptech/glide/manager/RequestManagerFragmentTest.java,0
MOD,1502139467000,MODIFY,samples/flickr/src/main/java/com/bumptech/glide/samples/flickr/FlickrSearchActivity.java,samples/flickr/src/main/java/com/bumptech/glide/samples/flickr/FlickrSearchActivity.java,0
MOD,1502141208000,MODIFY,library/src/main/java/com/bumptech/glide/Glide.java,library/src/main/java/com/bumptech/glide/Glide.java,0
MOD,1502141234000,MODIFY,library/src/main/java/com/bumptech/glide/Glide.java,library/src/main/java/com/bumptech/glide/Glide.java,0
MOD,1502202612000,MODIFY,library/src/main/java/com/bumptech/glide/request/RequestOptions.java,library/src/main/java/com/bumptech/glide/request/RequestOptions.java,0
MOD,1502379813000,MODIFY,README.md,README.md,0
MOD,1502383130000,MODIFY,library/src/main/java/com/bumptech/glide/Glide.java,library/src/main/java/com/bumptech/glide/Glide.java,0
MOD,1502383130000,MODIFY,library/src/main/java/com/bumptech/glide/GlideBuilder.java,library/src/main/java/com/bumptech/glide/GlideBuilder.java,0
MOD,1502383130000,MODIFY,library/src/main/java/com/bumptech/glide/GlideContext.java,library/src/main/java/com/bumptech/glide/GlideContext.java,0
MOD,1502383130000,MODIFY,library/src/main/java/com/bumptech/glide/RequestBuilder.java,library/src/main/java/com/bumptech/glide/RequestBuilder.java,0
MOD,1502383130000,MODIFY,library/src/main/java/com/bumptech/glide/RequestManager.java,library/src/main/java/com/bumptech/glide/RequestManager.java,0
MOD,1502383130000,ADD,/dev/null,library/src/test/java/com/bumptech/glide/GlideContextTest.java,0
MOD,1502383130000,MODIFY,library/src/test/java/com/bumptech/glide/RequestBuilderTest.java,library/src/test/java/com/bumptech/glide/RequestBuilderTest.java,0
MOD,1502383130000,MODIFY,samples/flickr/src/main/java/com/bumptech/glide/samples/flickr/FlickrPhotoGrid.java,samples/flickr/src/main/java/com/bumptech/glide/samples/flickr/FlickrPhotoGrid.java,0
MOD,1502469804000,MODIFY,library/src/main/java/com/bumptech/glide/load/resource/bitmap/BitmapTransitionOptions.java,library/src/main/java/com/bumptech/glide/load/resource/bitmap/BitmapTransitionOptions.java,0
MOD,1502469804000,MODIFY,library/src/main/java/com/bumptech/glide/load/resource/drawable/DrawableTransitionOptions.java,library/src/main/java/com/bumptech/glide/load/resource/drawable/DrawableTransitionOptions.java,0
MOD,1502469804000,MODIFY,library/src/main/java/com/bumptech/glide/request/transition/DrawableCrossFadeFactory.java,library/src/main/java/com/bumptech/glide/request/transition/DrawableCrossFadeFactory.java,0
MOD,1502469804000,MODIFY,library/src/main/java/com/bumptech/glide/request/transition/DrawableCrossFadeTransition.java,library/src/main/java/com/bumptech/glide/request/transition/DrawableCrossFadeTransition.java,0
MOD,1502469804000,MODIFY,library/src/test/java/com/bumptech/glide/request/transition/DrawableCrossFadeFactoryTest.java,library/src/test/java/com/bumptech/glide/request/transition/DrawableCrossFadeFactoryTest.java,0
MOD,1502469804000,MODIFY,library/src/test/java/com/bumptech/glide/request/transition/DrawableCrossFadeViewAnimationTest.java,library/src/test/java/com/bumptech/glide/request/transition/DrawableCrossFadeViewAnimationTest.java,0
MOD,1502726425000,MODIFY,library/src/main/java/com/bumptech/glide/util/ByteBufferUtil.java,library/src/main/java/com/bumptech/glide/util/ByteBufferUtil.java,0
MOD,1502755431000,MODIFY,README.md,README.md,0
MOD,1502755431000,MODIFY,library/src/main/java/com/bumptech/glide/load/data/StreamLocalUriFetcher.java,library/src/main/java/com/bumptech/glide/load/data/StreamLocalUriFetcher.java,0
MOD,1502755431000,MODIFY,samples/contacturi/src/main/java/com/bumptech/glide/samples/contacturi/MainActivity.java,samples/contacturi/src/main/java/com/bumptech/glide/samples/contacturi/MainActivity.java,0
MOD,1502755431000,MODIFY,samples/contacturi/src/main/res/layout/activity_main.xml,samples/contacturi/src/main/res/layout/activity_main.xml,0
MOD,1502755431000,MODIFY,samples/contacturi/src/main/res/values/strings.xml,samples/contacturi/src/main/res/values/strings.xml,0
MOD,1502811274000,MODIFY,samples/contacturi/src/main/java/com/bumptech/glide/samples/contacturi/MainActivity.java,samples/contacturi/src/main/java/com/bumptech/glide/samples/contacturi/MainActivity.java,0
MOD,1502811293000,MODIFY,library/src/main/java/com/bumptech/glide/request/target/ViewTarget.java,library/src/main/java/com/bumptech/glide/request/target/ViewTarget.java,0
MOD,1502816005000,MODIFY,library/src/main/java/com/bumptech/glide/util/ByteBufferUtil.java,library/src/main/java/com/bumptech/glide/util/ByteBufferUtil.java,0
MOD,1502816284000,MODIFY,samples/giphy/src/main/java/com/bumptech/glide/samples/giphy/FullscreenActivity.java,samples/giphy/src/main/java/com/bumptech/glide/samples/giphy/FullscreenActivity.java,0
MOD,1502816284000,MODIFY,samples/giphy/src/main/java/com/bumptech/glide/samples/giphy/MainActivity.java,samples/giphy/src/main/java/com/bumptech/glide/samples/giphy/MainActivity.java,0
MOD,1503031894000,MODIFY,.travis.yml,.travis.yml,0
MOD,1503031894000,MODIFY,build.gradle,build.gradle,0
MOD,1503031894000,MODIFY,gradle.properties,gradle.properties,0
MOD,1503031894000,MODIFY,integration/gifencoder/build.gradle,integration/gifencoder/build.gradle,0
MOD,1503031894000,MODIFY,integration/okhttp/build.gradle,integration/okhttp/build.gradle,0
MOD,1503031894000,MODIFY,integration/okhttp3/build.gradle,integration/okhttp3/build.gradle,0
MOD,1503031894000,MODIFY,integration/recyclerview/build.gradle,integration/recyclerview/build.gradle,0
MOD,1503031894000,MODIFY,integration/volley/build.gradle,integration/volley/build.gradle,0
MOD,1503031894000,MODIFY,library/build.gradle,library/build.gradle,0
MOD,1503031894000,MODIFY,samples/contacturi/build.gradle,samples/contacturi/build.gradle,0
MOD,1503031894000,MODIFY,samples/flickr/build.gradle,samples/flickr/build.gradle,0
MOD,1503031894000,MODIFY,samples/gallery/build.gradle,samples/gallery/build.gradle,0
MOD,1503031894000,MODIFY,samples/giphy/build.gradle,samples/giphy/build.gradle,0
MOD,1503031894000,MODIFY,third_party/gif_decoder/build.gradle,third_party/gif_decoder/build.gradle,0
MOD,1503067440000,MODIFY,library/src/main/java/com/bumptech/glide/RequestBuilder.java,library/src/main/java/com/bumptech/glide/RequestBuilder.java,0
MOD,1503067440000,MODIFY,library/src/main/java/com/bumptech/glide/request/SingleRequest.java,library/src/main/java/com/bumptech/glide/request/SingleRequest.java,0
MOD,1503069369000,MODIFY,library/src/main/java/com/bumptech/glide/load/engine/GlideException.java,library/src/main/java/com/bumptech/glide/load/engine/GlideException.java,0
MOD,1502304599000,MODIFY,library/src/main/java/com/bumptech/glide/load/data/FileDescriptorAssetPathFetcher.java,library/src/main/java/com/bumptech/glide/load/data/FileDescriptorAssetPathFetcher.java,0
MOD,1502304599000,MODIFY,library/src/main/java/com/bumptech/glide/load/data/FileDescriptorLocalUriFetcher.java,library/src/main/java/com/bumptech/glide/load/data/FileDescriptorLocalUriFetcher.java,0
MOD,1502304599000,MODIFY,library/src/main/java/com/bumptech/glide/load/data/StreamAssetPathFetcher.java,library/src/main/java/com/bumptech/glide/load/data/StreamAssetPathFetcher.java,0
MOD,1502304599000,MODIFY,library/src/main/java/com/bumptech/glide/load/data/StreamLocalUriFetcher.java,library/src/main/java/com/bumptech/glide/load/data/StreamLocalUriFetcher.java,0
MOD,1502304599000,MODIFY,library/src/main/java/com/bumptech/glide/load/model/ByteArrayLoader.java,library/src/main/java/com/bumptech/glide/load/model/ByteArrayLoader.java,0
MOD,1502304599000,MODIFY,library/src/main/java/com/bumptech/glide/load/model/UnitModelLoader.java,library/src/main/java/com/bumptech/glide/load/model/UnitModelLoader.java,0
MOD,1502304599000,MODIFY,library/src/test/java/com/bumptech/glide/load/data/LocalUriFetcherTest.java,library/src/test/java/com/bumptech/glide/load/data/LocalUriFetcherTest.java,0
MOD,1502476071000,MODIFY,library/src/main/java/com/bumptech/glide/util/LruCache.java,library/src/main/java/com/bumptech/glide/util/LruCache.java,0
MOD,1503015093000,MODIFY,library/src/main/java/com/bumptech/glide/util/LruCache.java,library/src/main/java/com/bumptech/glide/util/LruCache.java,0
MOD,1503016696000,MODIFY,library/src/main/java/com/bumptech/glide/load/engine/cache/MemorySizeCalculator.java,library/src/main/java/com/bumptech/glide/load/engine/cache/MemorySizeCalculator.java,0
MOD,1503075565000,MODIFY,library/src/main/java/com/bumptech/glide/load/engine/bitmap_recycle/LruBitmapPool.java,library/src/main/java/com/bumptech/glide/load/engine/bitmap_recycle/LruBitmapPool.java,0
MOD,1503075565000,MODIFY,library/src/main/java/com/bumptech/glide/load/resource/bitmap/Downsampler.java,library/src/main/java/com/bumptech/glide/load/resource/bitmap/Downsampler.java,0
MOD,1503075565000,ADD,/dev/null,library/src/main/java/com/bumptech/glide/load/resource/bitmap/HardwareConfigState.java,0
MOD,1503075615000,MODIFY,library/src/main/java/com/bumptech/glide/GlideBuilder.java,library/src/main/java/com/bumptech/glide/GlideBuilder.java,0
MOD,1503075615000,MODIFY,library/src/main/java/com/bumptech/glide/load/engine/cache/MemorySizeCalculator.java,library/src/main/java/com/bumptech/glide/load/engine/cache/MemorySizeCalculator.java,0
MOD,1503090314000,MODIFY,library/src/main/java/com/bumptech/glide/load/engine/bitmap_recycle/LruBitmapPool.java,library/src/main/java/com/bumptech/glide/load/engine/bitmap_recycle/LruBitmapPool.java,0
MOD,1503090314000,MODIFY,library/src/main/java/com/bumptech/glide/load/engine/cache/MemorySizeCalculator.java,library/src/main/java/com/bumptech/glide/load/engine/cache/MemorySizeCalculator.java,0
MOD,1503090314000,MODIFY,library/src/main/java/com/bumptech/glide/load/resource/bitmap/Downsampler.java,library/src/main/java/com/bumptech/glide/load/resource/bitmap/Downsampler.java,0
MOD,1503090314000,MODIFY,library/src/main/java/com/bumptech/glide/load/resource/bitmap/HardwareConfigState.java,library/src/main/java/com/bumptech/glide/load/resource/bitmap/HardwareConfigState.java,0
MOD,1503324236000,MODIFY,library/src/main/java/com/bumptech/glide/Registry.java,library/src/main/java/com/bumptech/glide/Registry.java,0
MOD,1503421190000,MODIFY,library/src/main/java/com/bumptech/glide/GlideBuilder.java,library/src/main/java/com/bumptech/glide/GlideBuilder.java,0
MOD,1503617159000,MODIFY,build.gradle,build.gradle,0
MOD,1503617159000,MODIFY,gradle/wrapper/gradle-wrapper.jar,gradle/wrapper/gradle-wrapper.jar,0
MOD,1503617159000,MODIFY,gradle/wrapper/gradle-wrapper.properties,gradle/wrapper/gradle-wrapper.properties,0
MOD,1503617159000,MODIFY,gradlew,gradlew,0
MOD,1503617159000,MODIFY,gradlew.bat,gradlew.bat,0
MOD,1503636633000,ADD,/dev/null,samples/contacturi/lint.xml,0
MOD,1503636633000,MODIFY,samples/contacturi/src/main/AndroidManifest.xml,samples/contacturi/src/main/AndroidManifest.xml,0
MOD,1503636633000,MODIFY,samples/flickr/lint.xml,samples/flickr/lint.xml,0
MOD,1503636633000,MODIFY,samples/gallery/lint.xml,samples/gallery/lint.xml,0
MOD,1503636633000,MODIFY,samples/giphy/lint.xml,samples/giphy/lint.xml,0
MOD,1503636633000,MODIFY,samples/giphy/src/main/AndroidManifest.xml,samples/giphy/src/main/AndroidManifest.xml,0
MOD,1503636633000,MODIFY,samples/svg/lint.xml,samples/svg/lint.xml,0
MOD,1503636633000,MODIFY,samples/svg/src/main/AndroidManifest.xml,samples/svg/src/main/AndroidManifest.xml,0
MOD,1503101538000,MODIFY,library/src/main/java/com/bumptech/glide/load/engine/bitmap_recycle/LruBitmapPool.java,library/src/main/java/com/bumptech/glide/load/engine/bitmap_recycle/LruBitmapPool.java,0
MOD,1503101538000,MODIFY,library/src/main/java/com/bumptech/glide/load/resource/bitmap/Downsampler.java,library/src/main/java/com/bumptech/glide/load/resource/bitmap/Downsampler.java,0
MOD,1503101538000,DELETE,library/src/main/java/com/bumptech/glide/load/resource/bitmap/HardwareConfigState.java,/dev/null,0
MOD,1503105405000,MODIFY,library/src/main/java/com/bumptech/glide/load/DecodeFormat.java,library/src/main/java/com/bumptech/glide/load/DecodeFormat.java,0
MOD,1503105405000,MODIFY,library/src/main/java/com/bumptech/glide/load/engine/bitmap_recycle/LruBitmapPool.java,library/src/main/java/com/bumptech/glide/load/engine/bitmap_recycle/LruBitmapPool.java,0
MOD,1503105405000,MODIFY,library/src/main/java/com/bumptech/glide/load/resource/bitmap/Downsampler.java,library/src/main/java/com/bumptech/glide/load/resource/bitmap/Downsampler.java,0
MOD,1503105405000,ADD,/dev/null,library/src/main/java/com/bumptech/glide/load/resource/bitmap/HardwareConfigState.java,0
MOD,1503351230000,MODIFY,library/src/main/java/com/bumptech/glide/load/engine/prefill/BitmapPreFiller.java,library/src/main/java/com/bumptech/glide/load/engine/prefill/BitmapPreFiller.java,0
MOD,1503351230000,MODIFY,library/src/main/java/com/bumptech/glide/load/resource/bitmap/Downsampler.java,library/src/main/java/com/bumptech/glide/load/resource/bitmap/Downsampler.java,0
MOD,1503356730000,MODIFY,library/src/main/java/com/bumptech/glide/load/DecodeFormat.java,library/src/main/java/com/bumptech/glide/load/DecodeFormat.java,0
MOD,1503356730000,MODIFY,library/src/test/java/com/bumptech/glide/load/engine/prefill/BitmapPreFillerTest.java,library/src/test/java/com/bumptech/glide/load/engine/prefill/BitmapPreFillerTest.java,0
MOD,1503425063000,MODIFY,library/src/main/java/com/bumptech/glide/RequestManager.java,library/src/main/java/com/bumptech/glide/RequestManager.java,0
MOD,1503523183000,MODIFY,library/src/main/java/com/bumptech/glide/load/DecodeFormat.java,library/src/main/java/com/bumptech/glide/load/DecodeFormat.java,0
MOD,1503523183000,MODIFY,library/src/main/java/com/bumptech/glide/load/engine/DecodeHelper.java,library/src/main/java/com/bumptech/glide/load/engine/DecodeHelper.java,0
MOD,1503523183000,MODIFY,library/src/main/java/com/bumptech/glide/load/engine/DecodeJob.java,library/src/main/java/com/bumptech/glide/load/engine/DecodeJob.java,0
MOD,1503523183000,MODIFY,library/src/main/java/com/bumptech/glide/load/engine/bitmap_recycle/LruBitmapPool.java,library/src/main/java/com/bumptech/glide/load/engine/bitmap_recycle/LruBitmapPool.java,0
MOD,1503523183000,MODIFY,library/src/main/java/com/bumptech/glide/load/resource/bitmap/Downsampler.java,library/src/main/java/com/bumptech/glide/load/resource/bitmap/Downsampler.java,0
MOD,1503523183000,MODIFY,library/src/main/java/com/bumptech/glide/load/resource/bitmap/HardwareConfigState.java,library/src/main/java/com/bumptech/glide/load/resource/bitmap/HardwareConfigState.java,0
MOD,1503523183000,MODIFY,library/src/main/java/com/bumptech/glide/request/RequestOptions.java,library/src/main/java/com/bumptech/glide/request/RequestOptions.java,0
MOD,1503529395000,MODIFY,library/src/main/java/com/bumptech/glide/load/DecodeFormat.java,library/src/main/java/com/bumptech/glide/load/DecodeFormat.java,0
MOD,1503529395000,MODIFY,library/src/main/java/com/bumptech/glide/load/engine/DecodeHelper.java,library/src/main/java/com/bumptech/glide/load/engine/DecodeHelper.java,0
MOD,1503529395000,MODIFY,library/src/main/java/com/bumptech/glide/load/engine/DecodeJob.java,library/src/main/java/com/bumptech/glide/load/engine/DecodeJob.java,0
MOD,1503529395000,MODIFY,library/src/main/java/com/bumptech/glide/load/engine/bitmap_recycle/LruBitmapPool.java,library/src/main/java/com/bumptech/glide/load/engine/bitmap_recycle/LruBitmapPool.java,0
MOD,1503529395000,MODIFY,library/src/main/java/com/bumptech/glide/load/resource/bitmap/Downsampler.java,library/src/main/java/com/bumptech/glide/load/resource/bitmap/Downsampler.java,0
MOD,1503529395000,MODIFY,library/src/main/java/com/bumptech/glide/load/resource/bitmap/HardwareConfigState.java,library/src/main/java/com/bumptech/glide/load/resource/bitmap/HardwareConfigState.java,0
MOD,1503529395000,MODIFY,library/src/main/java/com/bumptech/glide/request/RequestOptions.java,library/src/main/java/com/bumptech/glide/request/RequestOptions.java,0
MOD,1503614887000,MODIFY,library/src/main/java/com/bumptech/glide/load/DecodeFormat.java,library/src/main/java/com/bumptech/glide/load/DecodeFormat.java,0
MOD,1503614887000,MODIFY,library/src/main/java/com/bumptech/glide/load/engine/DecodeHelper.java,library/src/main/java/com/bumptech/glide/load/engine/DecodeHelper.java,0
MOD,1503614887000,MODIFY,library/src/main/java/com/bumptech/glide/load/engine/DecodeJob.java,library/src/main/java/com/bumptech/glide/load/engine/DecodeJob.java,0
MOD,1503614887000,MODIFY,library/src/main/java/com/bumptech/glide/load/engine/Engine.java,library/src/main/java/com/bumptech/glide/load/engine/Engine.java,0
MOD,1503614887000,MODIFY,library/src/main/java/com/bumptech/glide/load/engine/bitmap_recycle/LruBitmapPool.java,library/src/main/java/com/bumptech/glide/load/engine/bitmap_recycle/LruBitmapPool.java,0
MOD,1503614887000,MODIFY,library/src/main/java/com/bumptech/glide/load/resource/bitmap/Downsampler.java,library/src/main/java/com/bumptech/glide/load/resource/bitmap/Downsampler.java,0
MOD,1503614887000,MODIFY,library/src/main/java/com/bumptech/glide/load/resource/bitmap/HardwareConfigState.java,library/src/main/java/com/bumptech/glide/load/resource/bitmap/HardwareConfigState.java,0
MOD,1503614887000,MODIFY,library/src/main/java/com/bumptech/glide/request/RequestOptions.java,library/src/main/java/com/bumptech/glide/request/RequestOptions.java,0
MOD,1503614887000,MODIFY,library/src/main/java/com/bumptech/glide/request/SingleRequest.java,library/src/main/java/com/bumptech/glide/request/SingleRequest.java,0
MOD,1503614887000,MODIFY,library/src/test/java/com/bumptech/glide/load/engine/EngineTest.java,library/src/test/java/com/bumptech/glide/load/engine/EngineTest.java,0
MOD,1503614887000,MODIFY,library/src/test/java/com/bumptech/glide/request/RequestOptionsTest.java,library/src/test/java/com/bumptech/glide/request/RequestOptionsTest.java,0
MOD,1503614887000,MODIFY,library/src/test/java/com/bumptech/glide/request/SingleRequestTest.java,library/src/test/java/com/bumptech/glide/request/SingleRequestTest.java,0
MOD,1503684582000,MODIFY,library/src/main/java/com/bumptech/glide/load/resource/bitmap/Downsampler.java,library/src/main/java/com/bumptech/glide/load/resource/bitmap/Downsampler.java,0
MOD,1503684582000,MODIFY,library/src/main/java/com/bumptech/glide/load/resource/bitmap/HardwareConfigState.java,library/src/main/java/com/bumptech/glide/load/resource/bitmap/HardwareConfigState.java,0
MOD,1503684582000,MODIFY,library/src/main/java/com/bumptech/glide/load/resource/bitmap/TransformationUtils.java,library/src/main/java/com/bumptech/glide/load/resource/bitmap/TransformationUtils.java,0
MOD,1503700073000,MODIFY,library/src/main/java/com/bumptech/glide/load/DecodeFormat.java,library/src/main/java/com/bumptech/glide/load/DecodeFormat.java,0
MOD,1503700073000,MODIFY,library/src/main/java/com/bumptech/glide/load/engine/DecodeJob.java,library/src/main/java/com/bumptech/glide/load/engine/DecodeJob.java,0
MOD,1503700073000,MODIFY,library/src/main/java/com/bumptech/glide/load/engine/bitmap_recycle/LruBitmapPool.java,library/src/main/java/com/bumptech/glide/load/engine/bitmap_recycle/LruBitmapPool.java,0
MOD,1503700073000,MODIFY,library/src/main/java/com/bumptech/glide/load/resource/bitmap/Downsampler.java,library/src/main/java/com/bumptech/glide/load/resource/bitmap/Downsampler.java,0
MOD,1503700073000,MODIFY,library/src/main/java/com/bumptech/glide/load/resource/bitmap/HardwareConfigState.java,library/src/main/java/com/bumptech/glide/load/resource/bitmap/HardwareConfigState.java,0
MOD,1503973627000,MODIFY,annotation/compiler/src/main/java/com/bumptech/glide/annotation/compiler/RequestOptionsGenerator.java,annotation/compiler/src/main/java/com/bumptech/glide/annotation/compiler/RequestOptionsGenerator.java,0
MOD,1503973627000,MODIFY,library/src/main/java/com/bumptech/glide/request/RequestOptions.java,library/src/main/java/com/bumptech/glide/request/RequestOptions.java,0
MOD,1504022118000,MODIFY,library/src/main/java/com/bumptech/glide/load/resource/bitmap/Downsampler.java,library/src/main/java/com/bumptech/glide/load/resource/bitmap/Downsampler.java,0
MOD,1504052501000,MODIFY,library/src/main/java/com/bumptech/glide/RequestBuilder.java,library/src/main/java/com/bumptech/glide/RequestBuilder.java,0
MOD,1504122973000,MODIFY,library/src/main/java/com/bumptech/glide/request/RequestOptions.java,library/src/main/java/com/bumptech/glide/request/RequestOptions.java,0
MOD,1504274782000,MODIFY,gradle.properties,gradle.properties,0
MOD,1504278523000,MODIFY,gradle.properties,gradle.properties,0
MOD,1504507047000,MODIFY,README.md,README.md,0
MOD,1504560011000,MODIFY,scripts/upload.gradle,scripts/upload.gradle,0
MOD,1504563435000,MODIFY,gradle.properties,gradle.properties,0
MOD,1504563435000,MODIFY,integration/recyclerview/build.gradle,integration/recyclerview/build.gradle,0
MOD,1504563435000,MODIFY,library/build.gradle,library/build.gradle,0
MOD,1504563435000,MODIFY,samples/gallery/build.gradle,samples/gallery/build.gradle,0
MOD,1504563435000,MODIFY,samples/giphy/build.gradle,samples/giphy/build.gradle,0
MOD,1504563435000,MODIFY,samples/svg/build.gradle,samples/svg/build.gradle,0
MOD,1504620695000,MODIFY,gradle.properties,gradle.properties,0
MOD,1504655429000,MODIFY,library/src/main/java/com/bumptech/glide/load/engine/cache/MemorySizeCalculator.java,library/src/main/java/com/bumptech/glide/load/engine/cache/MemorySizeCalculator.java,0
MOD,1504708271000,MODIFY,README.md,README.md,0
MOD,1504708331000,MODIFY,gradle.properties,gradle.properties,0
MOD,1504794139000,MODIFY,README.md,README.md,0
MOD,1504794363000,MODIFY,README.md,README.md,0
MOD,1504799377000,MODIFY,library/src/main/java/com/bumptech/glide/load/data/HttpUrlFetcher.java,library/src/main/java/com/bumptech/glide/load/data/HttpUrlFetcher.java,0
MOD,1504803696000,MODIFY,library/src/main/java/com/bumptech/glide/load/data/HttpUrlFetcher.java,library/src/main/java/com/bumptech/glide/load/data/HttpUrlFetcher.java,0
MOD,1504837067000,MODIFY,library/src/main/java/com/bumptech/glide/Registry.java,library/src/main/java/com/bumptech/glide/Registry.java,0
MOD,1504837067000,MODIFY,library/src/main/java/com/bumptech/glide/provider/EncoderRegistry.java,library/src/main/java/com/bumptech/glide/provider/EncoderRegistry.java,0
MOD,1504837067000,MODIFY,library/src/main/java/com/bumptech/glide/provider/ResourceEncoderRegistry.java,library/src/main/java/com/bumptech/glide/provider/ResourceEncoderRegistry.java,0
MOD,1504836692000,MODIFY,library/src/main/java/com/bumptech/glide/load/engine/cache/DiskCacheWriteLocker.java,library/src/main/java/com/bumptech/glide/load/engine/cache/DiskCacheWriteLocker.java,0
MOD,1504836692000,MODIFY,library/src/main/java/com/bumptech/glide/load/engine/cache/DiskLruCacheWrapper.java,library/src/main/java/com/bumptech/glide/load/engine/cache/DiskLruCacheWrapper.java,0
MOD,1504837874000,MODIFY,library/src/main/java/com/bumptech/glide/Registry.java,library/src/main/java/com/bumptech/glide/Registry.java,0
MOD,1504879127000,MODIFY,library/src/main/java/com/bumptech/glide/load/resource/bitmap/TransformationUtils.java,library/src/main/java/com/bumptech/glide/load/resource/bitmap/TransformationUtils.java,0
MOD,1504847335000,MODIFY,library/src/main/java/com/bumptech/glide/load/model/LazyHeaders.java,library/src/main/java/com/bumptech/glide/load/model/LazyHeaders.java,0
MOD,1504847335000,MODIFY,library/src/test/java/com/bumptech/glide/load/model/LazyHeadersTest.java,library/src/test/java/com/bumptech/glide/load/model/LazyHeadersTest.java,0
MOD,1504880013000,MODIFY,samples/flickr/src/main/java/com/bumptech/glide/samples/flickr/FlickrSearchActivity.java,samples/flickr/src/main/java/com/bumptech/glide/samples/flickr/FlickrSearchActivity.java,0
MOD,1504883612000,MODIFY,library/src/main/java/com/bumptech/glide/load/engine/DecodeJob.java,library/src/main/java/com/bumptech/glide/load/engine/DecodeJob.java,0
MOD,1504883725000,MODIFY,integration/okhttp3/src/main/java/com/bumptech/glide/integration/okhttp3/OkHttpStreamFetcher.java,integration/okhttp3/src/main/java/com/bumptech/glide/integration/okhttp3/OkHttpStreamFetcher.java,0
MOD,1504939229000,MODIFY,library/src/main/java/com/bumptech/glide/request/RequestFutureTarget.java,library/src/main/java/com/bumptech/glide/request/RequestFutureTarget.java,0
MOD,1505062591000,MODIFY,gradle.properties,gradle.properties,0
MOD,1504943181000,MODIFY,library/src/main/java/com/bumptech/glide/request/target/ViewTarget.java,library/src/main/java/com/bumptech/glide/request/target/ViewTarget.java,0
MOD,1504943181000,MODIFY,library/src/test/java/com/bumptech/glide/request/target/ViewTargetTest.java,library/src/test/java/com/bumptech/glide/request/target/ViewTargetTest.java,0
MOD,1505091464000,MODIFY,library/src/main/java/com/bumptech/glide/RequestBuilder.java,library/src/main/java/com/bumptech/glide/RequestBuilder.java,0
MOD,1505091464000,ADD,/dev/null,library/src/main/java/com/bumptech/glide/load/model/Model.java,0
MOD,1505091464000,MODIFY,library/src/main/java/com/bumptech/glide/request/SingleRequest.java,library/src/main/java/com/bumptech/glide/request/SingleRequest.java,0
MOD,1505091464000,MODIFY,library/src/main/java/com/bumptech/glide/util/Util.java,library/src/main/java/com/bumptech/glide/util/Util.java,0
MOD,1505103352000,MODIFY,library/src/main/java/com/bumptech/glide/request/RequestOptions.java,library/src/main/java/com/bumptech/glide/request/RequestOptions.java,0
MOD,1505139974000,MODIFY,checkstyle.xml,checkstyle.xml,0
MOD,1505139974000,MODIFY,samples/gallery/src/main/java/com/bumptech/glide/samples/gallery/MainActivity.java,samples/gallery/src/main/java/com/bumptech/glide/samples/gallery/MainActivity.java,0
MOD,1505139974000,MODIFY,samples/gallery/src/main/res/layout/main_activity.xml,samples/gallery/src/main/res/layout/main_activity.xml,0
MOD,1505140445000,MODIFY,library/src/main/java/com/bumptech/glide/load/resource/bitmap/Downsampler.java,library/src/main/java/com/bumptech/glide/load/resource/bitmap/Downsampler.java,0
MOD,1505140445000,MODIFY,library/src/main/java/com/bumptech/glide/util/LogTime.java,library/src/main/java/com/bumptech/glide/util/LogTime.java,0
MOD,1504740081000,MODIFY,library/src/main/java/com/bumptech/glide/load/resource/bitmap/TransformationUtils.java,library/src/main/java/com/bumptech/glide/load/resource/bitmap/TransformationUtils.java,0
MOD,1505145004000,MODIFY,library/src/main/java/com/bumptech/glide/load/resource/bitmap/Downsampler.java,library/src/main/java/com/bumptech/glide/load/resource/bitmap/Downsampler.java,0
MOD,1505145004000,DELETE,library/src/test/java/com/bumptech/glide/load/resource/bitmap/DownsamplerTest.java,/dev/null,0
MOD,1505195011000,MODIFY,library/src/main/java/com/bumptech/glide/manager/RequestManagerRetriever.java,library/src/main/java/com/bumptech/glide/manager/RequestManagerRetriever.java,0
MOD,1505314453000,MODIFY,annotation/compiler/src/main/java/com/bumptech/glide/annotation/compiler/RequestBuilderGenerator.java,annotation/compiler/src/main/java/com/bumptech/glide/annotation/compiler/RequestBuilderGenerator.java,0
MOD,1505314453000,MODIFY,annotation/compiler/src/main/java/com/bumptech/glide/annotation/compiler/RequestOptionsGenerator.java,annotation/compiler/src/main/java/com/bumptech/glide/annotation/compiler/RequestOptionsGenerator.java,0
MOD,1505314453000,MODIFY,library/src/main/java/com/bumptech/glide/request/RequestOptions.java,library/src/main/java/com/bumptech/glide/request/RequestOptions.java,0
MOD,1505317272000,MODIFY,integration/okhttp/src/main/java/com/bumptech/glide/integration/okhttp/OkHttpGlideModule.java,integration/okhttp/src/main/java/com/bumptech/glide/integration/okhttp/OkHttpGlideModule.java,0
MOD,1505317272000,MODIFY,integration/okhttp/src/main/java/com/bumptech/glide/integration/okhttp/OkHttpLibraryGlideModule.java,integration/okhttp/src/main/java/com/bumptech/glide/integration/okhttp/OkHttpLibraryGlideModule.java,0
MOD,1505317272000,MODIFY,integration/okhttp3/src/main/java/com/bumptech/glide/integration/okhttp3/OkHttpGlideModule.java,integration/okhttp3/src/main/java/com/bumptech/glide/integration/okhttp3/OkHttpGlideModule.java,0
MOD,1505317272000,MODIFY,integration/volley/src/main/java/com/bumptech/glide/integration/volley/VolleyGlideModule.java,integration/volley/src/main/java/com/bumptech/glide/integration/volley/VolleyGlideModule.java,0
MOD,1505317272000,MODIFY,library/src/main/java/com/bumptech/glide/Glide.java,library/src/main/java/com/bumptech/glide/Glide.java,0
MOD,1505317272000,MODIFY,library/src/main/java/com/bumptech/glide/load/engine/prefill/BitmapPreFiller.java,library/src/main/java/com/bumptech/glide/load/engine/prefill/BitmapPreFiller.java,0
MOD,1505317272000,MODIFY,library/src/main/java/com/bumptech/glide/load/resource/bitmap/Downsampler.java,library/src/main/java/com/bumptech/glide/load/resource/bitmap/Downsampler.java,0
MOD,1505317272000,MODIFY,library/src/main/java/com/bumptech/glide/load/resource/bitmap/HardwareConfigState.java,library/src/main/java/com/bumptech/glide/load/resource/bitmap/HardwareConfigState.java,0
MOD,1505317272000,MODIFY,library/src/main/java/com/bumptech/glide/manager/RequestManagerFragment.java,library/src/main/java/com/bumptech/glide/manager/RequestManagerFragment.java,0
MOD,1505317272000,MODIFY,library/src/main/java/com/bumptech/glide/request/target/FixedSizeDrawable.java,library/src/main/java/com/bumptech/glide/request/target/FixedSizeDrawable.java,0
MOD,1505317272000,MODIFY,library/src/test/java/com/bumptech/glide/load/engine/prefill/BitmapPreFillerTest.java,library/src/test/java/com/bumptech/glide/load/engine/prefill/BitmapPreFillerTest.java,0
MOD,1505317272000,MODIFY,library/src/test/java/com/bumptech/glide/load/resource/gif/GifDrawableTest.java,library/src/test/java/com/bumptech/glide/load/resource/gif/GifDrawableTest.java,0
MOD,1505317272000,MODIFY,library/src/test/java/com/bumptech/glide/request/RequestOptionsTest.java,library/src/test/java/com/bumptech/glide/request/RequestOptionsTest.java,0
MOD,1505317272000,MODIFY,third_party/gif_decoder/src/main/java/com/bumptech/glide/gifdecoder/StandardGifDecoder.java,third_party/gif_decoder/src/main/java/com/bumptech/glide/gifdecoder/StandardGifDecoder.java,0
MOD,1505424156000,MODIFY,annotation/compiler/src/main/java/com/bumptech/glide/annotation/compiler/RequestBuilderGenerator.java,annotation/compiler/src/main/java/com/bumptech/glide/annotation/compiler/RequestBuilderGenerator.java,0
MOD,1505424156000,MODIFY,annotation/compiler/src/main/java/com/bumptech/glide/annotation/compiler/RequestOptionsGenerator.java,annotation/compiler/src/main/java/com/bumptech/glide/annotation/compiler/RequestOptionsGenerator.java,0
MOD,1505424669000,MODIFY,samples/flickr/src/main/java/com/bumptech/glide/samples/flickr/FlickrPhotoGrid.java,samples/flickr/src/main/java/com/bumptech/glide/samples/flickr/FlickrPhotoGrid.java,0
MOD,1505426146000,MODIFY,library/src/main/java/com/bumptech/glide/ListPreloader.java,library/src/main/java/com/bumptech/glide/ListPreloader.java,0
MOD,1505426146000,MODIFY,library/src/test/java/com/bumptech/glide/ListPreloaderTest.java,library/src/test/java/com/bumptech/glide/ListPreloaderTest.java,0
MOD,1505426146000,MODIFY,samples/flickr/src/main/java/com/bumptech/glide/samples/flickr/FlickrPhotoGrid.java,samples/flickr/src/main/java/com/bumptech/glide/samples/flickr/FlickrPhotoGrid.java,0
MOD,1505426146000,MODIFY,samples/flickr/src/main/java/com/bumptech/glide/samples/flickr/FlickrPhotoList.java,samples/flickr/src/main/java/com/bumptech/glide/samples/flickr/FlickrPhotoList.java,0
MOD,1505426146000,MODIFY,samples/gallery/src/main/java/com/bumptech/glide/samples/gallery/RecyclerAdapter.java,samples/gallery/src/main/java/com/bumptech/glide/samples/gallery/RecyclerAdapter.java,0
MOD,1505426146000,MODIFY,samples/giphy/src/main/java/com/bumptech/glide/samples/giphy/MainActivity.java,samples/giphy/src/main/java/com/bumptech/glide/samples/giphy/MainActivity.java,0
MOD,1505427552000,MODIFY,library/src/main/java/com/bumptech/glide/RequestBuilder.java,library/src/main/java/com/bumptech/glide/RequestBuilder.java,0
MOD,1505429794000,MODIFY,library/src/main/java/com/bumptech/glide/load/resource/gif/GifFrameLoader.java,library/src/main/java/com/bumptech/glide/load/resource/gif/GifFrameLoader.java,0
MOD,1505429794000,MODIFY,library/src/test/java/com/bumptech/glide/load/resource/gif/GifFrameLoaderTest.java,library/src/test/java/com/bumptech/glide/load/resource/gif/GifFrameLoaderTest.java,0
MOD,1505431681000,MODIFY,README.md,README.md,0
MOD,1505439044000,MODIFY,glide/build.gradle,glide/build.gradle,0
MOD,1504957885000,MODIFY,annotation/compiler/build.gradle,annotation/compiler/build.gradle,0
MOD,1504957885000,ADD,/dev/null,annotation/compiler/libs/jarjar-1.4.jar,0
MOD,1504957885000,ADD,/dev/null,annotation/compiler/proguard.pro,0
MOD,1505311463000,MODIFY,annotation/compiler/build.gradle,annotation/compiler/build.gradle,0
MOD,1505235715000,MODIFY,library/src/main/java/com/bumptech/glide/load/resource/bitmap/VideoBitmapDecoder.java,library/src/main/java/com/bumptech/glide/load/resource/bitmap/VideoBitmapDecoder.java,0
MOD,1505439328000,MODIFY,library/src/main/java/com/bumptech/glide/Glide.java,library/src/main/java/com/bumptech/glide/Glide.java,0
MOD,1505439328000,MODIFY,library/src/main/java/com/bumptech/glide/Registry.java,library/src/main/java/com/bumptech/glide/Registry.java,0
MOD,1505439328000,MODIFY,library/src/main/java/com/bumptech/glide/provider/ResourceDecoderRegistry.java,library/src/main/java/com/bumptech/glide/provider/ResourceDecoderRegistry.java,0
MOD,1505491228000,MODIFY,library/src/main/java/com/bumptech/glide/Glide.java,library/src/main/java/com/bumptech/glide/Glide.java,0
MOD,1505491228000,MODIFY,library/src/main/java/com/bumptech/glide/Registry.java,library/src/main/java/com/bumptech/glide/Registry.java,0
MOD,1505744097000,MODIFY,README.md,README.md,0
MOD,1505745317000,MODIFY,annotation/compiler/src/main/java/com/bumptech/glide/annotation/compiler/RequestBuilderGenerator.java,annotation/compiler/src/main/java/com/bumptech/glide/annotation/compiler/RequestBuilderGenerator.java,0
MOD,1505831145000,MODIFY,annotation/compiler/build.gradle,annotation/compiler/build.gradle,0
MOD,1505832941000,MODIFY,library/src/main/java/com/bumptech/glide/load/engine/DecodePath.java,library/src/main/java/com/bumptech/glide/load/engine/DecodePath.java,0
MOD,1505845348000,MODIFY,library/src/main/java/com/bumptech/glide/RequestBuilder.java,library/src/main/java/com/bumptech/glide/RequestBuilder.java,0
MOD,1505845397000,MODIFY,library/src/main/java/com/bumptech/glide/RequestBuilder.java,library/src/main/java/com/bumptech/glide/RequestBuilder.java,0
MOD,1505862774000,MODIFY,library/src/main/java/com/bumptech/glide/Registry.java,library/src/main/java/com/bumptech/glide/Registry.java,0
MOD,1505862774000,MODIFY,library/src/main/java/com/bumptech/glide/provider/ResourceEncoderRegistry.java,library/src/main/java/com/bumptech/glide/provider/ResourceEncoderRegistry.java,0
MOD,1505862774000,MODIFY,library/src/main/java/com/bumptech/glide/util/Util.java,library/src/main/java/com/bumptech/glide/util/Util.java,0
MOD,1505848444000,MODIFY,annotation/compiler/src/main/java/com/bumptech/glide/annotation/compiler/RequestBuilderGenerator.java,annotation/compiler/src/main/java/com/bumptech/glide/annotation/compiler/RequestBuilderGenerator.java,0
MOD,1505848444000,MODIFY,annotation/compiler/src/main/java/com/bumptech/glide/annotation/compiler/RequestOptionsGenerator.java,annotation/compiler/src/main/java/com/bumptech/glide/annotation/compiler/RequestOptionsGenerator.java,0
MOD,1505848444000,MODIFY,library/src/main/java/com/bumptech/glide/RequestBuilder.java,library/src/main/java/com/bumptech/glide/RequestBuilder.java,0
MOD,1505848444000,MODIFY,library/src/main/java/com/bumptech/glide/request/RequestOptions.java,library/src/main/java/com/bumptech/glide/request/RequestOptions.java,0
MOD,1505961413000,MODIFY,samples/flickr/build.gradle,samples/flickr/build.gradle,0
MOD,1505961438000,MODIFY,.travis.yml,.travis.yml,0
MOD,1505962148000,MODIFY,samples/flickr/src/main/java/com/bumptech/glide/samples/flickr/FlickrSearchActivity.java,samples/flickr/src/main/java/com/bumptech/glide/samples/flickr/FlickrSearchActivity.java,0
MOD,1506003511000,MODIFY,library/src/main/java/com/bumptech/glide/load/engine/DecodePath.java,library/src/main/java/com/bumptech/glide/load/engine/DecodePath.java,0
MOD,1506003511000,MODIFY,library/src/main/java/com/bumptech/glide/load/resource/transcode/BitmapBytesTranscoder.java,library/src/main/java/com/bumptech/glide/load/resource/transcode/BitmapBytesTranscoder.java,0
MOD,1506003511000,MODIFY,library/src/main/java/com/bumptech/glide/load/resource/transcode/BitmapDrawableTranscoder.java,library/src/main/java/com/bumptech/glide/load/resource/transcode/BitmapDrawableTranscoder.java,0
MOD,1506003511000,MODIFY,library/src/main/java/com/bumptech/glide/load/resource/transcode/GifDrawableBytesTranscoder.java,library/src/main/java/com/bumptech/glide/load/resource/transcode/GifDrawableBytesTranscoder.java,0
MOD,1506003511000,MODIFY,library/src/main/java/com/bumptech/glide/load/resource/transcode/ResourceTranscoder.java,library/src/main/java/com/bumptech/glide/load/resource/transcode/ResourceTranscoder.java,0
MOD,1506003511000,MODIFY,library/src/main/java/com/bumptech/glide/load/resource/transcode/UnitTranscoder.java,library/src/main/java/com/bumptech/glide/load/resource/transcode/UnitTranscoder.java,0
MOD,1506003511000,MODIFY,library/src/test/java/com/bumptech/glide/load/resource/transcode/BitmapBytesTranscoderTest.java,library/src/test/java/com/bumptech/glide/load/resource/transcode/BitmapBytesTranscoderTest.java,0
MOD,1506003511000,MODIFY,library/src/test/java/com/bumptech/glide/load/resource/transcode/BitmapDrawableTranscoderTest.java,library/src/test/java/com/bumptech/glide/load/resource/transcode/BitmapDrawableTranscoderTest.java,0
MOD,1506003511000,MODIFY,library/src/test/java/com/bumptech/glide/load/resource/transcode/GifDrawableBytesTranscoderTest.java,library/src/test/java/com/bumptech/glide/load/resource/transcode/GifDrawableBytesTranscoderTest.java,0
MOD,1506003511000,MODIFY,library/src/test/java/com/bumptech/glide/load/resource/transcode/UnitTranscoderTest.java,library/src/test/java/com/bumptech/glide/load/resource/transcode/UnitTranscoderTest.java,0
MOD,1506003511000,MODIFY,samples/svg/src/main/java/com/bumptech/glide/samples/svg/SvgDrawableTranscoder.java,samples/svg/src/main/java/com/bumptech/glide/samples/svg/SvgDrawableTranscoder.java,0
MOD,1506003799000,MODIFY,samples/flickr/src/main/java/com/bumptech/glide/samples/flickr/FlickrPhotoGrid.java,samples/flickr/src/main/java/com/bumptech/glide/samples/flickr/FlickrPhotoGrid.java,0
MOD,1506044033000,MODIFY,library/src/main/java/com/bumptech/glide/request/SingleRequest.java,library/src/main/java/com/bumptech/glide/request/SingleRequest.java,0
MOD,1506044033000,MODIFY,library/src/main/java/com/bumptech/glide/request/target/PreloadTarget.java,library/src/main/java/com/bumptech/glide/request/target/PreloadTarget.java,0
MOD,1506088955000,MODIFY,library/src/main/java/com/bumptech/glide/load/engine/executor/GlideExecutor.java,library/src/main/java/com/bumptech/glide/load/engine/executor/GlideExecutor.java,0
MOD,1506314260000,MODIFY,gradle.properties,gradle.properties,0
MOD,1506314260000,MODIFY,samples/imgur/build.gradle,samples/imgur/build.gradle,0
MOD,1506314260000,MODIFY,samples/imgur/src/main/java/com/bumptech/glide/samples/imgur/ImgurApplication.java,samples/imgur/src/main/java/com/bumptech/glide/samples/imgur/ImgurApplication.java,0
MOD,1506314260000,MODIFY,samples/imgur/src/main/java/com/bumptech/glide/samples/imgur/ImgurApplicationComponent.java,samples/imgur/src/main/java/com/bumptech/glide/samples/imgur/ImgurApplicationComponent.java,0
MOD,1506314260000,MODIFY,samples/imgur/src/main/java/com/bumptech/glide/samples/imgur/MainActivityModule.java,samples/imgur/src/main/java/com/bumptech/glide/samples/imgur/MainActivityModule.java,0
MOD,1506314260000,DELETE,samples/imgur/src/main/java/com/bumptech/glide/samples/imgur/MainActivitySubcomponent.java,/dev/null,0
MOD,1506110657000,MODIFY,library/src/main/java/com/bumptech/glide/load/resource/bitmap/Downsampler.java,library/src/main/java/com/bumptech/glide/load/resource/bitmap/Downsampler.java,0
MOD,1506112563000,MODIFY,library/src/main/java/com/bumptech/glide/load/resource/bitmap/Downsampler.java,library/src/main/java/com/bumptech/glide/load/resource/bitmap/Downsampler.java,0
MOD,1506114195000,MODIFY,library/src/main/java/com/bumptech/glide/load/resource/bitmap/Downsampler.java,library/src/main/java/com/bumptech/glide/load/resource/bitmap/Downsampler.java,0
MOD,1506123730000,MODIFY,library/src/main/java/com/bumptech/glide/request/target/ViewTarget.java,library/src/main/java/com/bumptech/glide/request/target/ViewTarget.java,0
MOD,1506123730000,MODIFY,library/src/test/java/com/bumptech/glide/request/target/ViewTargetTest.java,library/src/test/java/com/bumptech/glide/request/target/ViewTargetTest.java,0
MOD,1506123730000,MODIFY,samples/flickr/src/main/res/layout/flickr_photo_grid_item.xml,samples/flickr/src/main/res/layout/flickr_photo_grid_item.xml,0
MOD,1506436083000,MODIFY,library/src/main/java/com/bumptech/glide/request/target/ViewTarget.java,library/src/main/java/com/bumptech/glide/request/target/ViewTarget.java,0
MOD,1506436098000,MODIFY,library/src/main/java/com/bumptech/glide/request/target/BitmapImageViewTarget.java,library/src/main/java/com/bumptech/glide/request/target/BitmapImageViewTarget.java,0
MOD,1506436098000,MODIFY,library/src/main/java/com/bumptech/glide/request/target/BitmapThumbnailImageViewTarget.java,library/src/main/java/com/bumptech/glide/request/target/BitmapThumbnailImageViewTarget.java,0
MOD,1506436098000,MODIFY,library/src/main/java/com/bumptech/glide/request/target/DrawableImageViewTarget.java,library/src/main/java/com/bumptech/glide/request/target/DrawableImageViewTarget.java,0
MOD,1506436098000,MODIFY,library/src/main/java/com/bumptech/glide/request/target/DrawableThumbnailImageViewTarget.java,library/src/main/java/com/bumptech/glide/request/target/DrawableThumbnailImageViewTarget.java,0
MOD,1506436098000,MODIFY,library/src/main/java/com/bumptech/glide/request/target/ImageViewTarget.java,library/src/main/java/com/bumptech/glide/request/target/ImageViewTarget.java,0
MOD,1506436098000,MODIFY,library/src/main/java/com/bumptech/glide/request/target/ThumbnailImageViewTarget.java,library/src/main/java/com/bumptech/glide/request/target/ThumbnailImageViewTarget.java,0
MOD,1506436219000,MODIFY,library/src/main/java/com/bumptech/glide/request/target/ViewTarget.java,library/src/main/java/com/bumptech/glide/request/target/ViewTarget.java,0
MOD,1506437131000,MODIFY,library/src/main/java/com/bumptech/glide/Glide.java,library/src/main/java/com/bumptech/glide/Glide.java,0
MOD,1506437131000,MODIFY,library/src/main/java/com/bumptech/glide/manager/RequestManagerRetriever.java,library/src/main/java/com/bumptech/glide/manager/RequestManagerRetriever.java,0
MOD,1506442387000,MODIFY,samples/svg/src/main/res/drawable/image_loading.xml,samples/svg/src/main/res/drawable/image_loading.xml,0
MOD,1506442387000,ADD,/dev/null,samples/svg/src/main/res/mipmap-hdpi/ic_launcher.png,0
MOD,1506442387000,ADD,/dev/null,samples/svg/src/main/res/mipmap-mdpi/ic_launcher.png,0
MOD,1506442387000,ADD,/dev/null,samples/svg/src/main/res/mipmap-xhdpi/ic_launcher.png,0
MOD,1506442387000,ADD,/dev/null,samples/svg/src/main/res/mipmap-xxhdpi/ic_launcher.png,0
MOD,1506442387000,ADD,/dev/null,samples/svg/src/main/res/mipmap-xxxhdpi/ic_launcher.png,0
MOD,1506978277000,MODIFY,library/src/main/java/com/bumptech/glide/Glide.java,library/src/main/java/com/bumptech/glide/Glide.java,0
MOD,1507039247000,MODIFY,README.md,README.md,0
MOD,1506975158000,MODIFY,library/src/main/java/com/bumptech/glide/load/resource/bitmap/Downsampler.java,library/src/main/java/com/bumptech/glide/load/resource/bitmap/Downsampler.java,0
MOD,1506987569000,MODIFY,library/src/main/java/com/bumptech/glide/load/data/mediastore/MediaStoreUtil.java,library/src/main/java/com/bumptech/glide/load/data/mediastore/MediaStoreUtil.java,0
MOD,1507041518000,MODIFY,gradle.properties,gradle.properties,0
MOD,1507047307000,MODIFY,gradle.properties,gradle.properties,0
MOD,1507047361000,MODIFY,README.md,README.md,0
MOD,1507173355000,MODIFY,annotation/compiler/build.gradle,annotation/compiler/build.gradle,0
MOD,1507173355000,MODIFY,annotation/compiler/src/main/java/com/bumptech/glide/annotation/compiler/AppModuleProcessor.java,annotation/compiler/src/main/java/com/bumptech/glide/annotation/compiler/AppModuleProcessor.java,0
MOD,1507173355000,MODIFY,annotation/compiler/src/main/java/com/bumptech/glide/annotation/compiler/GlideAnnotationProcessor.java,annotation/compiler/src/main/java/com/bumptech/glide/annotation/compiler/GlideAnnotationProcessor.java,0
MOD,1507173355000,MODIFY,annotation/compiler/src/main/java/com/bumptech/glide/annotation/compiler/GlideGenerator.java,annotation/compiler/src/main/java/com/bumptech/glide/annotation/compiler/GlideGenerator.java,0
MOD,1507173355000,MODIFY,annotation/compiler/src/main/java/com/bumptech/glide/annotation/compiler/LibraryModuleProcessor.java,annotation/compiler/src/main/java/com/bumptech/glide/annotation/compiler/LibraryModuleProcessor.java,0
MOD,1507173355000,MODIFY,annotation/compiler/src/main/java/com/bumptech/glide/annotation/compiler/RequestBuilderGenerator.java,annotation/compiler/src/main/java/com/bumptech/glide/annotation/compiler/RequestBuilderGenerator.java,0
MOD,1507173355000,MODIFY,annotation/compiler/src/main/java/com/bumptech/glide/annotation/compiler/RequestManagerFactoryGenerator.java,annotation/compiler/src/main/java/com/bumptech/glide/annotation/compiler/RequestManagerFactoryGenerator.java,0
MOD,1507173355000,MODIFY,annotation/compiler/src/main/java/com/bumptech/glide/annotation/compiler/RequestManagerGenerator.java,annotation/compiler/src/main/java/com/bumptech/glide/annotation/compiler/RequestManagerGenerator.java,0
MOD,1507173355000,MODIFY,annotation/compiler/src/main/java/com/bumptech/glide/annotation/compiler/RequestOptionsGenerator.java,annotation/compiler/src/main/java/com/bumptech/glide/annotation/compiler/RequestOptionsGenerator.java,0
MOD,1507173355000,MODIFY,annotation/src/main/java/com/bumptech/glide/annotation/GlideModule.java,annotation/src/main/java/com/bumptech/glide/annotation/GlideModule.java,0
MOD,1507173355000,MODIFY,annotation/src/main/java/com/bumptech/glide/annotation/GlideOption.java,annotation/src/main/java/com/bumptech/glide/annotation/GlideOption.java,0
MOD,1507173355000,MODIFY,annotation/src/main/java/com/bumptech/glide/annotation/GlideType.java,annotation/src/main/java/com/bumptech/glide/annotation/GlideType.java,0
MOD,1507173355000,MODIFY,checkstyle.xml,checkstyle.xml,0
MOD,1507173355000,MODIFY,glide/build.gradle,glide/build.gradle,0
MOD,1507173355000,MODIFY,gradle.properties,gradle.properties,0
MOD,1507173355000,MODIFY,gradle/wrapper/gradle-wrapper.properties,gradle/wrapper/gradle-wrapper.properties,0
MOD,1507173355000,MODIFY,integration/okhttp/build.gradle,integration/okhttp/build.gradle,0
MOD,1507173355000,MODIFY,library/build.gradle,library/build.gradle,0
MOD,1507173355000,MODIFY,library/src/main/java/com/bumptech/glide/Glide.java,library/src/main/java/com/bumptech/glide/Glide.java,0
MOD,1507173355000,MODIFY,library/src/main/java/com/bumptech/glide/load/model/Model.java,library/src/main/java/com/bumptech/glide/load/model/Model.java,0
MOD,1507173355000,MODIFY,library/src/main/java/com/bumptech/glide/request/Request.java,library/src/main/java/com/bumptech/glide/request/Request.java,0
MOD,1507173355000,MODIFY,library/src/test/java/com/bumptech/glide/GlideTest.java,library/src/test/java/com/bumptech/glide/GlideTest.java,0
MOD,1507173355000,MODIFY,scripts/upload.gradle,scripts/upload.gradle,0
MOD,1507115356000,MODIFY,library/src/main/java/com/bumptech/glide/load/engine/cache/ExternalCacheDiskCacheFactory.java,library/src/main/java/com/bumptech/glide/load/engine/cache/ExternalCacheDiskCacheFactory.java,0
MOD,1507115356000,ADD,/dev/null,library/src/main/java/com/bumptech/glide/load/engine/cache/ExternalPreferredCacheDiskCacheFactory.java,0
MOD,1506168275000,MODIFY,annotation/compiler/src/main/java/com/bumptech/glide/annotation/compiler/RequestBuilderGenerator.java,annotation/compiler/src/main/java/com/bumptech/glide/annotation/compiler/RequestBuilderGenerator.java,0
MOD,1506168275000,MODIFY,library/src/main/java/com/bumptech/glide/RequestBuilder.java,library/src/main/java/com/bumptech/glide/RequestBuilder.java,0
MOD,1507214235000,MODIFY,annotation/compiler/src/main/java/com/bumptech/glide/annotation/compiler/RequestManagerGenerator.java,annotation/compiler/src/main/java/com/bumptech/glide/annotation/compiler/RequestManagerGenerator.java,0
MOD,1507214235000,MODIFY,library/src/main/java/com/bumptech/glide/RequestManager.java,library/src/main/java/com/bumptech/glide/RequestManager.java,0
MOD,1507075479000,MODIFY,library/src/main/java/com/bumptech/glide/load/resource/bitmap/TransformationUtils.java,library/src/main/java/com/bumptech/glide/load/resource/bitmap/TransformationUtils.java,0
MOD,1507237344000,MODIFY,library/src/main/java/com/bumptech/glide/load/resource/bitmap/Downsampler.java,library/src/main/java/com/bumptech/glide/load/resource/bitmap/Downsampler.java,0
MOD,1507237344000,MODIFY,library/src/main/java/com/bumptech/glide/util/MarkEnforcingInputStream.java,library/src/main/java/com/bumptech/glide/util/MarkEnforcingInputStream.java,0
MOD,1507237344000,MODIFY,library/src/test/java/com/bumptech/glide/util/MarkEnforcingInputStreamTest.java,library/src/test/java/com/bumptech/glide/util/MarkEnforcingInputStreamTest.java,0
MOD,1507238898000,MODIFY,library/src/main/java/com/bumptech/glide/manager/DefaultConnectivityMonitor.java,library/src/main/java/com/bumptech/glide/manager/DefaultConnectivityMonitor.java,0
MOD,1507336554000,MODIFY,library/src/main/java/com/bumptech/glide/RequestBuilder.java,library/src/main/java/com/bumptech/glide/RequestBuilder.java,0
MOD,1507336554000,ADD,/dev/null,library/src/main/java/com/bumptech/glide/request/ErrorRequestCoordinator.java,0
MOD,1507336554000,MODIFY,library/src/main/java/com/bumptech/glide/request/RequestCoordinator.java,library/src/main/java/com/bumptech/glide/request/RequestCoordinator.java,0
MOD,1507336554000,MODIFY,library/src/main/java/com/bumptech/glide/request/SingleRequest.java,library/src/main/java/com/bumptech/glide/request/SingleRequest.java,0
MOD,1507336554000,MODIFY,library/src/main/java/com/bumptech/glide/request/ThumbnailRequestCoordinator.java,library/src/main/java/com/bumptech/glide/request/ThumbnailRequestCoordinator.java,0
MOD,1507337367000,MODIFY,library/src/main/java/com/bumptech/glide/request/RequestFutureTarget.java,library/src/main/java/com/bumptech/glide/request/RequestFutureTarget.java,0
MOD,1507353759000,MODIFY,library/src/main/java/com/bumptech/glide/Glide.java,library/src/main/java/com/bumptech/glide/Glide.java,0
MOD,1507353759000,MODIFY,library/src/main/java/com/bumptech/glide/load/model/ResourceLoader.java,library/src/main/java/com/bumptech/glide/load/model/ResourceLoader.java,0
MOD,1507353759000,ADD,/dev/null,library/src/main/java/com/bumptech/glide/load/resource/drawable/DrawableDecoderCompat.java,0
MOD,1507353759000,ADD,/dev/null,library/src/main/java/com/bumptech/glide/load/resource/drawable/ResourceDrawableDecoder.java,0
MOD,1507353759000,MODIFY,library/src/main/java/com/bumptech/glide/request/SingleRequest.java,library/src/main/java/com/bumptech/glide/request/SingleRequest.java,0
MOD,1507419015000,MODIFY,annotation/compiler/build.gradle,annotation/compiler/build.gradle,0
MOD,1507419015000,MODIFY,build.gradle,build.gradle,0
MOD,1507597727000,MODIFY,library/src/main/java/com/bumptech/glide/RequestBuilder.java,library/src/main/java/com/bumptech/glide/RequestBuilder.java,0
MOD,1507608145000,MODIFY,library/src/main/java/com/bumptech/glide/request/RequestOptions.java,library/src/main/java/com/bumptech/glide/request/RequestOptions.java,0
MOD,1507612327000,MODIFY,annotation/compiler/src/main/java/com/bumptech/glide/annotation/compiler/ProcessorUtil.java,annotation/compiler/src/main/java/com/bumptech/glide/annotation/compiler/ProcessorUtil.java,0
MOD,1507612327000,MODIFY,annotation/compiler/src/main/java/com/bumptech/glide/annotation/compiler/RequestBuilderGenerator.java,annotation/compiler/src/main/java/com/bumptech/glide/annotation/compiler/RequestBuilderGenerator.java,0
MOD,1507612327000,MODIFY,annotation/compiler/src/main/java/com/bumptech/glide/annotation/compiler/RequestManagerGenerator.java,annotation/compiler/src/main/java/com/bumptech/glide/annotation/compiler/RequestManagerGenerator.java,0
MOD,1507612327000,MODIFY,annotation/compiler/src/main/java/com/bumptech/glide/annotation/compiler/RequestOptionsGenerator.java,annotation/compiler/src/main/java/com/bumptech/glide/annotation/compiler/RequestOptionsGenerator.java,0
MOD,1507613919000,MODIFY,annotation/compiler/src/main/java/com/bumptech/glide/annotation/compiler/RequestOptionsGenerator.java,annotation/compiler/src/main/java/com/bumptech/glide/annotation/compiler/RequestOptionsGenerator.java,0
MOD,1507615159000,MODIFY,annotation/compiler/src/main/java/com/bumptech/glide/annotation/compiler/ProcessorUtil.java,annotation/compiler/src/main/java/com/bumptech/glide/annotation/compiler/ProcessorUtil.java,0
MOD,1507615159000,MODIFY,annotation/compiler/src/main/java/com/bumptech/glide/annotation/compiler/RequestManagerGenerator.java,annotation/compiler/src/main/java/com/bumptech/glide/annotation/compiler/RequestManagerGenerator.java,0
MOD,1507651167000,MODIFY,library/build.gradle,library/build.gradle,0
MOD,1507655047000,MODIFY,annotation/compiler/src/main/java/com/bumptech/glide/annotation/compiler/RequestBuilderGenerator.java,annotation/compiler/src/main/java/com/bumptech/glide/annotation/compiler/RequestBuilderGenerator.java,0
MOD,1507655047000,MODIFY,library/src/main/java/com/bumptech/glide/RequestBuilder.java,library/src/main/java/com/bumptech/glide/RequestBuilder.java,0
MOD,1507670129000,MODIFY,library/src/main/java/com/bumptech/glide/load/resource/bitmap/Downsampler.java,library/src/main/java/com/bumptech/glide/load/resource/bitmap/Downsampler.java,0
MOD,1507697570000,MODIFY,library/src/main/java/com/bumptech/glide/RequestBuilder.java,library/src/main/java/com/bumptech/glide/RequestBuilder.java,0
MOD,1507732584000,MODIFY,library/src/main/java/com/bumptech/glide/request/RequestOptions.java,library/src/main/java/com/bumptech/glide/request/RequestOptions.java,0
MOD,1507672729000,MODIFY,library/src/main/java/com/bumptech/glide/load/engine/cache/ExternalPreferredCacheDiskCacheFactory.java,library/src/main/java/com/bumptech/glide/load/engine/cache/ExternalPreferredCacheDiskCacheFactory.java,0
MOD,1507672729000,MODIFY,samples/imgur/src/main/java/com/bumptech/glide/samples/imgur/ImgurApplicationComponent.java,samples/imgur/src/main/java/com/bumptech/glide/samples/imgur/ImgurApplicationComponent.java,0
MOD,1507739301000,MODIFY,library/src/main/java/com/bumptech/glide/GlideBuilder.java,library/src/main/java/com/bumptech/glide/GlideBuilder.java,0
MOD,1507739301000,MODIFY,library/src/main/java/com/bumptech/glide/load/engine/Engine.java,library/src/main/java/com/bumptech/glide/load/engine/Engine.java,0
MOD,1507739301000,MODIFY,library/src/main/java/com/bumptech/glide/load/engine/EngineJob.java,library/src/main/java/com/bumptech/glide/load/engine/EngineJob.java,0
MOD,1507739301000,MODIFY,library/src/main/java/com/bumptech/glide/load/engine/executor/GlideExecutor.java,library/src/main/java/com/bumptech/glide/load/engine/executor/GlideExecutor.java,0
MOD,1507739301000,MODIFY,library/src/main/java/com/bumptech/glide/load/resource/gif/ByteBufferGifDecoder.java,library/src/main/java/com/bumptech/glide/load/resource/gif/ByteBufferGifDecoder.java,0
MOD,1507739301000,MODIFY,library/src/main/java/com/bumptech/glide/load/resource/gif/GifFrameLoader.java,library/src/main/java/com/bumptech/glide/load/resource/gif/GifFrameLoader.java,0
MOD,1507739301000,MODIFY,library/src/main/java/com/bumptech/glide/request/RequestOptions.java,library/src/main/java/com/bumptech/glide/request/RequestOptions.java,0
MOD,1507739301000,MODIFY,library/src/main/java/com/bumptech/glide/request/SingleRequest.java,library/src/main/java/com/bumptech/glide/request/SingleRequest.java,0
MOD,1507739301000,MODIFY,library/src/test/java/com/bumptech/glide/load/engine/EngineJobTest.java,library/src/test/java/com/bumptech/glide/load/engine/EngineJobTest.java,0
MOD,1507739301000,MODIFY,library/src/test/java/com/bumptech/glide/load/engine/EngineTest.java,library/src/test/java/com/bumptech/glide/load/engine/EngineTest.java,0
MOD,1507739301000,MODIFY,library/src/test/java/com/bumptech/glide/request/SingleRequestTest.java,library/src/test/java/com/bumptech/glide/request/SingleRequestTest.java,0
