MOD,1499004631000,MODIFY,okhttp-tests/src/test/java/okhttp3/InterceptorTest.java,okhttp-tests/src/test/java/okhttp3/InterceptorTest.java,0
MOD,1499004631000,MODIFY,okhttp/src/main/java/okhttp3/Interceptor.java,okhttp/src/main/java/okhttp3/Interceptor.java,0
MOD,1499004631000,MODIFY,okhttp/src/main/java/okhttp3/OkHttpClient.java,okhttp/src/main/java/okhttp3/OkHttpClient.java,0
MOD,1499004631000,MODIFY,okhttp/src/main/java/okhttp3/RealCall.java,okhttp/src/main/java/okhttp3/RealCall.java,0
MOD,1499004631000,MODIFY,okhttp/src/main/java/okhttp3/internal/Util.java,okhttp/src/main/java/okhttp3/internal/Util.java,0
MOD,1499004631000,MODIFY,okhttp/src/main/java/okhttp3/internal/connection/ConnectInterceptor.java,okhttp/src/main/java/okhttp3/internal/connection/ConnectInterceptor.java,0
MOD,1499004631000,MODIFY,okhttp/src/main/java/okhttp3/internal/connection/RealConnection.java,okhttp/src/main/java/okhttp3/internal/connection/RealConnection.java,0
MOD,1499004631000,MODIFY,okhttp/src/main/java/okhttp3/internal/connection/StreamAllocation.java,okhttp/src/main/java/okhttp3/internal/connection/StreamAllocation.java,0
MOD,1499004631000,MODIFY,okhttp/src/main/java/okhttp3/internal/http/RealInterceptorChain.java,okhttp/src/main/java/okhttp3/internal/http/RealInterceptorChain.java,0
MOD,1499004631000,MODIFY,okhttp/src/main/java/okhttp3/internal/http2/Http2Codec.java,okhttp/src/main/java/okhttp3/internal/http2/Http2Codec.java,0
MOD,1499108760000,MODIFY,mockwebserver/src/test/java/okhttp3/mockwebserver/MockWebServerTest.java,mockwebserver/src/test/java/okhttp3/mockwebserver/MockWebServerTest.java,0
MOD,1499349304000,MODIFY,okhttp-tests/src/test/java/okhttp3/EventListenerTest.java,okhttp-tests/src/test/java/okhttp3/EventListenerTest.java,0
MOD,1499349304000,MODIFY,okhttp-tests/src/test/java/okhttp3/SocksProxy.java,okhttp-tests/src/test/java/okhttp3/SocksProxy.java,0
MOD,1499349304000,MODIFY,okhttp-tests/src/test/java/okhttp3/SocksProxyTest.java,okhttp-tests/src/test/java/okhttp3/SocksProxyTest.java,0
MOD,1499349304000,MODIFY,okhttp/src/main/java/okhttp3/EventListener.java,okhttp/src/main/java/okhttp3/EventListener.java,0
MOD,1499349304000,MODIFY,okhttp/src/main/java/okhttp3/internal/connection/RealConnection.java,okhttp/src/main/java/okhttp3/internal/connection/RealConnection.java,0
MOD,1499533935000,MODIFY,okhttp-tests/src/test/java/okhttp3/InterceptorTest.java,okhttp-tests/src/test/java/okhttp3/InterceptorTest.java,0
MOD,1499533935000,MODIFY,okhttp/src/main/java/okhttp3/Interceptor.java,okhttp/src/main/java/okhttp3/Interceptor.java,0
MOD,1499533935000,MODIFY,okhttp/src/main/java/okhttp3/RealCall.java,okhttp/src/main/java/okhttp3/RealCall.java,0
MOD,1499533935000,MODIFY,okhttp/src/main/java/okhttp3/internal/connection/StreamAllocation.java,okhttp/src/main/java/okhttp3/internal/connection/StreamAllocation.java,0
MOD,1499533935000,MODIFY,okhttp/src/main/java/okhttp3/internal/http/RealInterceptorChain.java,okhttp/src/main/java/okhttp3/internal/http/RealInterceptorChain.java,0
MOD,1499574601000,MODIFY,okhttp-tests/src/test/java/okhttp3/internal/ws/WebSocketRecorder.java,okhttp-tests/src/test/java/okhttp3/internal/ws/WebSocketRecorder.java,0
MOD,1499574601000,MODIFY,okhttp/src/main/java/okhttp3/WebSocketListener.java,okhttp/src/main/java/okhttp3/WebSocketListener.java,0
MOD,1499574601000,MODIFY,okhttp/src/main/java/okhttp3/internal/ws/RealWebSocket.java,okhttp/src/main/java/okhttp3/internal/ws/RealWebSocket.java,0
MOD,1500057374000,MODIFY,okhttp-tests/src/test/java/okhttp3/EventListenerTest.java,okhttp-tests/src/test/java/okhttp3/EventListenerTest.java,0
MOD,1500057374000,MODIFY,okhttp/src/main/java/okhttp3/EventListener.java,okhttp/src/main/java/okhttp3/EventListener.java,0
MOD,1500057374000,MODIFY,okhttp/src/main/java/okhttp3/internal/connection/StreamAllocation.java,okhttp/src/main/java/okhttp3/internal/connection/StreamAllocation.java,0
MOD,1500850752000,MODIFY,okhttp-tests/src/test/java/okhttp3/CallTest.java,okhttp-tests/src/test/java/okhttp3/CallTest.java,0
MOD,1500850752000,MODIFY,okhttp-tests/src/test/java/okhttp3/InterceptorTest.java,okhttp-tests/src/test/java/okhttp3/InterceptorTest.java,0
MOD,1500850752000,ADD,/dev/null,okhttp-tests/src/test/java/okhttp3/NullServer.java,0
MOD,1500850752000,MODIFY,okhttp-tests/src/test/java/okhttp3/TestUtil.java,okhttp-tests/src/test/java/okhttp3/TestUtil.java,0
MOD,1500850752000,MODIFY,okhttp/src/main/java/okhttp3/Interceptor.java,okhttp/src/main/java/okhttp3/Interceptor.java,0
MOD,1500850752000,MODIFY,okhttp/src/main/java/okhttp3/RealCall.java,okhttp/src/main/java/okhttp3/RealCall.java,0
MOD,1500850752000,MODIFY,okhttp/src/main/java/okhttp3/internal/connection/RealConnection.java,okhttp/src/main/java/okhttp3/internal/connection/RealConnection.java,0
MOD,1500850752000,MODIFY,okhttp/src/main/java/okhttp3/internal/connection/StreamAllocation.java,okhttp/src/main/java/okhttp3/internal/connection/StreamAllocation.java,0
MOD,1500850752000,MODIFY,okhttp/src/main/java/okhttp3/internal/http/RealInterceptorChain.java,okhttp/src/main/java/okhttp3/internal/http/RealInterceptorChain.java,0
MOD,1500850752000,MODIFY,okhttp/src/main/java/okhttp3/internal/http2/Http2Codec.java,okhttp/src/main/java/okhttp3/internal/http2/Http2Codec.java,0
MOD,1501105172000,MODIFY,okhttp/src/main/java/okhttp3/Credentials.java,okhttp/src/main/java/okhttp3/Credentials.java,0
MOD,1501111267000,MODIFY,okhttp/src/main/java/okhttp3/Credentials.java,okhttp/src/main/java/okhttp3/Credentials.java,0
MOD,1501336178000,MODIFY,okhttp-tests/src/test/java/okhttp3/ConnectionCoalescingTest.java,okhttp-tests/src/test/java/okhttp3/ConnectionCoalescingTest.java,0
MOD,1501336178000,MODIFY,okhttp-tests/src/test/java/okhttp3/internal/connection/RouteSelectorTest.java,okhttp-tests/src/test/java/okhttp3/internal/connection/RouteSelectorTest.java,0
MOD,1501336178000,MODIFY,okhttp/src/main/java/okhttp3/internal/connection/RouteSelector.java,okhttp/src/main/java/okhttp3/internal/connection/RouteSelector.java,0
MOD,1501336178000,MODIFY,okhttp/src/main/java/okhttp3/internal/connection/StreamAllocation.java,okhttp/src/main/java/okhttp3/internal/connection/StreamAllocation.java,0
MOD,1501338757000,MODIFY,okhttp-tests/src/test/java/okhttp3/EventListenerTest.java,okhttp-tests/src/test/java/okhttp3/EventListenerTest.java,0
MOD,1501338757000,MODIFY,okhttp/src/main/java/okhttp3/EventListener.java,okhttp/src/main/java/okhttp3/EventListener.java,0
MOD,1501338757000,MODIFY,okhttp/src/main/java/okhttp3/internal/connection/RealConnection.java,okhttp/src/main/java/okhttp3/internal/connection/RealConnection.java,0
MOD,1501338757000,MODIFY,okhttp/src/main/java/okhttp3/internal/connection/StreamAllocation.java,okhttp/src/main/java/okhttp3/internal/connection/StreamAllocation.java,0
MOD,1501552714000,MODIFY,pom.xml,pom.xml,0
MOD,1501614878000,MODIFY,.travis.yml,.travis.yml,0
MOD,1501692686000,MODIFY,okhttp/src/main/java/okhttp3/internal/platform/AndroidPlatform.java,okhttp/src/main/java/okhttp3/internal/platform/AndroidPlatform.java,0
MOD,1501964704000,MODIFY,okhttp-tests/src/test/java/okhttp3/EventListenerTest.java,okhttp-tests/src/test/java/okhttp3/EventListenerTest.java,0
MOD,1501964704000,ADD,/dev/null,okhttp-tests/src/test/java/okhttp3/RecordingEventListener.java,0
MOD,1501964704000,MODIFY,okhttp/src/main/java/okhttp3/EventListener.java,okhttp/src/main/java/okhttp3/EventListener.java,0
MOD,1501964704000,MODIFY,okhttp/src/main/java/okhttp3/RealCall.java,okhttp/src/main/java/okhttp3/RealCall.java,0
MOD,1501964704000,MODIFY,okhttp/src/main/java/okhttp3/internal/connection/RealConnection.java,okhttp/src/main/java/okhttp3/internal/connection/RealConnection.java,0
MOD,1501964704000,MODIFY,okhttp/src/main/java/okhttp3/internal/connection/StreamAllocation.java,okhttp/src/main/java/okhttp3/internal/connection/StreamAllocation.java,0
MOD,1501964704000,MODIFY,okhttp/src/main/java/okhttp3/internal/http/CallServerInterceptor.java,okhttp/src/main/java/okhttp3/internal/http/CallServerInterceptor.java,0
MOD,1501964704000,MODIFY,okhttp/src/main/java/okhttp3/internal/http1/Http1Codec.java,okhttp/src/main/java/okhttp3/internal/http1/Http1Codec.java,0
MOD,1501964704000,MODIFY,okhttp/src/main/java/okhttp3/internal/http2/Http2Codec.java,okhttp/src/main/java/okhttp3/internal/http2/Http2Codec.java,0
MOD,1501968419000,MODIFY,okhttp-tests/src/test/java/okhttp3/CallTest.java,okhttp-tests/src/test/java/okhttp3/CallTest.java,0
MOD,1501968419000,MODIFY,okhttp/src/main/java/okhttp3/internal/connection/RouteSelector.java,okhttp/src/main/java/okhttp3/internal/connection/RouteSelector.java,0
MOD,1501968419000,MODIFY,okhttp/src/main/java/okhttp3/internal/http/RetryAndFollowUpInterceptor.java,okhttp/src/main/java/okhttp3/internal/http/RetryAndFollowUpInterceptor.java,0
MOD,1501969772000,MODIFY,okhttp-tests/src/test/java/okhttp3/EventListenerTest.java,okhttp-tests/src/test/java/okhttp3/EventListenerTest.java,0
MOD,1501969772000,MODIFY,okhttp/src/main/java/okhttp3/internal/http1/Http1Codec.java,okhttp/src/main/java/okhttp3/internal/http1/Http1Codec.java,0
MOD,1502032573000,MODIFY,okhttp/src/main/java/okhttp3/EventListener.java,okhttp/src/main/java/okhttp3/EventListener.java,0
MOD,1502032707000,MODIFY,okhttp-tests/src/test/java/okhttp3/EventListenerTest.java,okhttp-tests/src/test/java/okhttp3/EventListenerTest.java,0
MOD,1502032707000,MODIFY,okhttp-tests/src/test/java/okhttp3/RecordingEventListener.java,okhttp-tests/src/test/java/okhttp3/RecordingEventListener.java,0
MOD,1502032707000,MODIFY,okhttp/src/main/java/okhttp3/internal/connection/StreamAllocation.java,okhttp/src/main/java/okhttp3/internal/connection/StreamAllocation.java,0
MOD,1502032707000,MODIFY,okhttp/src/main/java/okhttp3/internal/http/RetryAndFollowUpInterceptor.java,okhttp/src/main/java/okhttp3/internal/http/RetryAndFollowUpInterceptor.java,0
MOD,1502032707000,MODIFY,okhttp/src/main/java/okhttp3/internal/http2/Http2Codec.java,okhttp/src/main/java/okhttp3/internal/http2/Http2Codec.java,0
MOD,1502032749000,MODIFY,okhttp/src/main/java/okhttp3/EventListener.java,okhttp/src/main/java/okhttp3/EventListener.java,0
MOD,1502032749000,MODIFY,okhttp/src/main/java/okhttp3/OkHttpClient.java,okhttp/src/main/java/okhttp3/OkHttpClient.java,0
MOD,1502047143000,MODIFY,okhttp-tests/src/test/java/okhttp3/EventListenerTest.java,okhttp-tests/src/test/java/okhttp3/EventListenerTest.java,0
MOD,1502047181000,MODIFY,okhttp/src/main/java/okhttp3/WebSocketListener.java,okhttp/src/main/java/okhttp3/WebSocketListener.java,0
MOD,1502055302000,MODIFY,okhttp-tests/src/test/java/okhttp3/EventListenerTest.java,okhttp-tests/src/test/java/okhttp3/EventListenerTest.java,0
MOD,1502055302000,MODIFY,okhttp/src/main/java/okhttp3/EventListener.java,okhttp/src/main/java/okhttp3/EventListener.java,0
MOD,1502055302000,MODIFY,okhttp/src/main/java/okhttp3/WebSocketListener.java,okhttp/src/main/java/okhttp3/WebSocketListener.java,0
MOD,1502113816000,MODIFY,mockwebserver/src/main/java/okhttp3/mockwebserver/MockWebServer.java,mockwebserver/src/main/java/okhttp3/mockwebserver/MockWebServer.java,0
MOD,1502113816000,MODIFY,okhttp-tests/src/test/java/okhttp3/EventListenerTest.java,okhttp-tests/src/test/java/okhttp3/EventListenerTest.java,0
MOD,1502113816000,MODIFY,okhttp/src/main/java/okhttp3/internal/http2/Http2Codec.java,okhttp/src/main/java/okhttp3/internal/http2/Http2Codec.java,0
MOD,1502139354000,MODIFY,mockwebserver/src/main/java/okhttp3/mockwebserver/MockWebServer.java,mockwebserver/src/main/java/okhttp3/mockwebserver/MockWebServer.java,0
MOD,1502139354000,MODIFY,okhttp-tests/src/test/java/okhttp3/EventListenerTest.java,okhttp-tests/src/test/java/okhttp3/EventListenerTest.java,0
MOD,1502554656000,MODIFY,okhttp-tests/src/test/java/okhttp3/FormBodyTest.java,okhttp-tests/src/test/java/okhttp3/FormBodyTest.java,0
MOD,1502554656000,MODIFY,okhttp/src/main/java/okhttp3/FormBody.java,okhttp/src/main/java/okhttp3/FormBody.java,0
MOD,1502554656000,MODIFY,okhttp/src/main/java/okhttp3/HttpUrl.java,okhttp/src/main/java/okhttp3/HttpUrl.java,0
MOD,1502720968000,MODIFY,okhttp-tests/src/test/java/okhttp3/EventListenerTest.java,okhttp-tests/src/test/java/okhttp3/EventListenerTest.java,0
MOD,1502720968000,MODIFY,okhttp-tests/src/test/java/okhttp3/RecordingEventListener.java,okhttp-tests/src/test/java/okhttp3/RecordingEventListener.java,0
MOD,1502720968000,MODIFY,okhttp/src/main/java/okhttp3/EventListener.java,okhttp/src/main/java/okhttp3/EventListener.java,0
MOD,1502720968000,MODIFY,okhttp/src/main/java/okhttp3/RealCall.java,okhttp/src/main/java/okhttp3/RealCall.java,0
MOD,1502368868000,MODIFY,mockwebserver/src/main/java/okhttp3/mockwebserver/MockResponse.java,mockwebserver/src/main/java/okhttp3/mockwebserver/MockResponse.java,0
MOD,1502368868000,MODIFY,mockwebserver/src/main/java/okhttp3/mockwebserver/MockWebServer.java,mockwebserver/src/main/java/okhttp3/mockwebserver/MockWebServer.java,0
MOD,1502368868000,MODIFY,okhttp-tests/src/test/java/okhttp3/internal/http2/HttpOverHttp2Test.java,okhttp-tests/src/test/java/okhttp3/internal/http2/HttpOverHttp2Test.java,0
MOD,1502368868000,MODIFY,okhttp/src/main/java/okhttp3/internal/http2/Http2Connection.java,okhttp/src/main/java/okhttp3/internal/http2/Http2Connection.java,0
MOD,1502732682000,MODIFY,mockwebserver/src/main/java/okhttp3/mockwebserver/MockResponse.java,mockwebserver/src/main/java/okhttp3/mockwebserver/MockResponse.java,0
MOD,1502732682000,MODIFY,mockwebserver/src/main/java/okhttp3/mockwebserver/MockWebServer.java,mockwebserver/src/main/java/okhttp3/mockwebserver/MockWebServer.java,0
MOD,1502732682000,MODIFY,okhttp-tests/src/test/java/okhttp3/internal/http2/HttpOverHttp2Test.java,okhttp-tests/src/test/java/okhttp3/internal/http2/HttpOverHttp2Test.java,0
MOD,1502732682000,MODIFY,okhttp/src/main/java/okhttp3/internal/http2/Http2Connection.java,okhttp/src/main/java/okhttp3/internal/http2/Http2Connection.java,0
MOD,1503721896000,MODIFY,okhttp-tests/src/test/java/okhttp3/internal/ws/RealWebSocketTest.java,okhttp-tests/src/test/java/okhttp3/internal/ws/RealWebSocketTest.java,0
MOD,1503721896000,MODIFY,okhttp/src/main/java/okhttp3/WebSocket.java,okhttp/src/main/java/okhttp3/WebSocket.java,0
MOD,1503773038000,MODIFY,okhttp-tests/src/test/java/okhttp3/EventListenerTest.java,okhttp-tests/src/test/java/okhttp3/EventListenerTest.java,0
MOD,1503773038000,MODIFY,okhttp-tests/src/test/java/okhttp3/RecordingEventListener.java,okhttp-tests/src/test/java/okhttp3/RecordingEventListener.java,0
MOD,1503773038000,MODIFY,okhttp/src/main/java/okhttp3/EventListener.java,okhttp/src/main/java/okhttp3/EventListener.java,0
MOD,1503773038000,MODIFY,okhttp/src/main/java/okhttp3/internal/http/CallServerInterceptor.java,okhttp/src/main/java/okhttp3/internal/http/CallServerInterceptor.java,0
MOD,1503773038000,MODIFY,okhttp/src/main/java/okhttp3/internal/http1/Http1Codec.java,okhttp/src/main/java/okhttp3/internal/http1/Http1Codec.java,0
MOD,1503773038000,MODIFY,okhttp/src/main/java/okhttp3/internal/http2/Http2Codec.java,okhttp/src/main/java/okhttp3/internal/http2/Http2Codec.java,0
MOD,1503811861000,MODIFY,okhttp/src/main/java/okhttp3/internal/http/CallServerInterceptor.java,okhttp/src/main/java/okhttp3/internal/http/CallServerInterceptor.java,0
MOD,1503813075000,MODIFY,okhttp/src/main/java/okhttp3/internal/http/CallServerInterceptor.java,okhttp/src/main/java/okhttp3/internal/http/CallServerInterceptor.java,0
MOD,1503815417000,MODIFY,okhttp/src/main/java/okhttp3/CertificatePinner.java,okhttp/src/main/java/okhttp3/CertificatePinner.java,0
MOD,1503815417000,MODIFY,okhttp/src/main/java/okhttp3/HttpUrl.java,okhttp/src/main/java/okhttp3/HttpUrl.java,0
MOD,1503815417000,MODIFY,okhttp/src/main/java/okhttp3/OkHttpClient.java,okhttp/src/main/java/okhttp3/OkHttpClient.java,0
MOD,1503815417000,MODIFY,okhttp/src/main/java/okhttp3/internal/Util.java,okhttp/src/main/java/okhttp3/internal/Util.java,0
MOD,1503815417000,MODIFY,okhttp/src/main/java/okhttp3/internal/platform/AndroidPlatform.java,okhttp/src/main/java/okhttp3/internal/platform/AndroidPlatform.java,0
MOD,1503815417000,MODIFY,okhttp/src/main/java/okhttp3/internal/platform/Jdk9Platform.java,okhttp/src/main/java/okhttp3/internal/platform/Jdk9Platform.java,0
MOD,1503815417000,MODIFY,okhttp/src/main/java/okhttp3/internal/platform/JdkWithJettyBootPlatform.java,okhttp/src/main/java/okhttp3/internal/platform/JdkWithJettyBootPlatform.java,0
MOD,1503844329000,MODIFY,okhttp-tests/src/test/java/okhttp3/internal/ws/RealWebSocketTest.java,okhttp-tests/src/test/java/okhttp3/internal/ws/RealWebSocketTest.java,0
MOD,1503938103000,MODIFY,okhttp-tests/src/test/java/okhttp3/EventListenerTest.java,okhttp-tests/src/test/java/okhttp3/EventListenerTest.java,0
MOD,1503938103000,MODIFY,okhttp-tests/src/test/java/okhttp3/RecordingEventListener.java,okhttp-tests/src/test/java/okhttp3/RecordingEventListener.java,0
MOD,1503938103000,MODIFY,okhttp/src/main/java/okhttp3/EventListener.java,okhttp/src/main/java/okhttp3/EventListener.java,0
MOD,1503938103000,MODIFY,okhttp/src/main/java/okhttp3/internal/connection/RealConnection.java,okhttp/src/main/java/okhttp3/internal/connection/RealConnection.java,0
MOD,1503938103000,MODIFY,okhttp/src/main/java/okhttp3/internal/connection/RouteSelector.java,okhttp/src/main/java/okhttp3/internal/connection/RouteSelector.java,0
MOD,1504037672000,MODIFY,okhttp-tests/src/test/java/okhttp3/EventListenerTest.java,okhttp-tests/src/test/java/okhttp3/EventListenerTest.java,0
MOD,1504037672000,MODIFY,okhttp-tests/src/test/java/okhttp3/RecordingEventListener.java,okhttp-tests/src/test/java/okhttp3/RecordingEventListener.java,0
MOD,1504037672000,MODIFY,okhttp/src/main/java/okhttp3/EventListener.java,okhttp/src/main/java/okhttp3/EventListener.java,0
MOD,1504037672000,MODIFY,okhttp/src/main/java/okhttp3/RealCall.java,okhttp/src/main/java/okhttp3/RealCall.java,0
MOD,1504037672000,MODIFY,okhttp/src/main/java/okhttp3/internal/connection/RealConnection.java,okhttp/src/main/java/okhttp3/internal/connection/RealConnection.java,0
MOD,1504037672000,MODIFY,okhttp/src/main/java/okhttp3/internal/connection/RouteSelector.java,okhttp/src/main/java/okhttp3/internal/connection/RouteSelector.java,0
MOD,1504037672000,MODIFY,okhttp/src/main/java/okhttp3/internal/http/CallServerInterceptor.java,okhttp/src/main/java/okhttp3/internal/http/CallServerInterceptor.java,0
MOD,1504037672000,MODIFY,okhttp/src/main/java/okhttp3/internal/http1/Http1Codec.java,okhttp/src/main/java/okhttp3/internal/http1/Http1Codec.java,0
MOD,1504037672000,MODIFY,okhttp/src/main/java/okhttp3/internal/http2/Http2Codec.java,okhttp/src/main/java/okhttp3/internal/http2/Http2Codec.java,0
MOD,1504069999000,MODIFY,okhttp-tests/src/test/java/okhttp3/RecordingEventListener.java,okhttp-tests/src/test/java/okhttp3/RecordingEventListener.java,0
MOD,1504069999000,MODIFY,okhttp-tests/src/test/java/okhttp3/internal/ws/WebSocketHttpTest.java,okhttp-tests/src/test/java/okhttp3/internal/ws/WebSocketHttpTest.java,0
MOD,1504069999000,MODIFY,okhttp/src/main/java/okhttp3/internal/ws/RealWebSocket.java,okhttp/src/main/java/okhttp3/internal/ws/RealWebSocket.java,0
MOD,1504070061000,MODIFY,okhttp-tests/src/test/java/okhttp3/EventListenerTest.java,okhttp-tests/src/test/java/okhttp3/EventListenerTest.java,0
MOD,1504070061000,MODIFY,okhttp/src/main/java/okhttp3/RealCall.java,okhttp/src/main/java/okhttp3/RealCall.java,0
MOD,1504070061000,MODIFY,okhttp/src/main/java/okhttp3/internal/connection/RealConnection.java,okhttp/src/main/java/okhttp3/internal/connection/RealConnection.java,0
MOD,1504070061000,MODIFY,okhttp/src/main/java/okhttp3/internal/connection/StreamAllocation.java,okhttp/src/main/java/okhttp3/internal/connection/StreamAllocation.java,0
MOD,1504070061000,MODIFY,okhttp/src/main/java/okhttp3/internal/http1/Http1Codec.java,okhttp/src/main/java/okhttp3/internal/http1/Http1Codec.java,0
MOD,1504070061000,MODIFY,okhttp/src/main/java/okhttp3/internal/http2/Http2Codec.java,okhttp/src/main/java/okhttp3/internal/http2/Http2Codec.java,0
MOD,1504102978000,MODIFY,mockwebserver/src/main/java/okhttp3/internal/tls/SslClient.java,mockwebserver/src/main/java/okhttp3/internal/tls/SslClient.java,0
MOD,1504102978000,MODIFY,mockwebserver/src/main/java/okhttp3/mockwebserver/MockWebServer.java,mockwebserver/src/main/java/okhttp3/mockwebserver/MockWebServer.java,0
MOD,1504102978000,MODIFY,mockwebserver/src/test/java/okhttp3/mockwebserver/MockWebServerTest.java,mockwebserver/src/test/java/okhttp3/mockwebserver/MockWebServerTest.java,0
MOD,1504102978000,MODIFY,okhttp-tests/src/test/java/okhttp3/EventListenerTest.java,okhttp-tests/src/test/java/okhttp3/EventListenerTest.java,0
MOD,1504102978000,MODIFY,okhttp-tests/src/test/java/okhttp3/internal/tls/ClientAuthTest.java,okhttp-tests/src/test/java/okhttp3/internal/tls/ClientAuthTest.java,0
MOD,1504116274000,MODIFY,README.md,README.md,0
MOD,1504116293000,MODIFY,okhttp-logging-interceptor/src/main/java/okhttp3/logging/HttpLoggingInterceptor.java,okhttp-logging-interceptor/src/main/java/okhttp3/logging/HttpLoggingInterceptor.java,0
MOD,1504116293000,MODIFY,okhttp-logging-interceptor/src/test/java/okhttp3/logging/HttpLoggingInterceptorTest.java,okhttp-logging-interceptor/src/test/java/okhttp3/logging/HttpLoggingInterceptorTest.java,0
MOD,1504116313000,MODIFY,okhttp-tests/src/test/java/okhttp3/InterceptorTest.java,okhttp-tests/src/test/java/okhttp3/InterceptorTest.java,0
MOD,1504116313000,MODIFY,okhttp/src/main/java/okhttp3/Interceptor.java,okhttp/src/main/java/okhttp3/Interceptor.java,0
MOD,1504116313000,MODIFY,okhttp/src/main/java/okhttp3/internal/http/RealInterceptorChain.java,okhttp/src/main/java/okhttp3/internal/http/RealInterceptorChain.java,0
MOD,1504119606000,MODIFY,okhttp-tests/src/test/java/okhttp3/OkHttpClientTest.java,okhttp-tests/src/test/java/okhttp3/OkHttpClientTest.java,0
MOD,1504119606000,MODIFY,okhttp/src/main/java/okhttp3/CertificatePinner.java,okhttp/src/main/java/okhttp3/CertificatePinner.java,0
MOD,1504119606000,MODIFY,okhttp/src/main/java/okhttp3/OkHttpClient.java,okhttp/src/main/java/okhttp3/OkHttpClient.java,0
MOD,1504120251000,MODIFY,okhttp/src/main/java/okhttp3/CacheControl.java,okhttp/src/main/java/okhttp3/CacheControl.java,0
MOD,1504120251000,MODIFY,okhttp/src/main/java/okhttp3/Protocol.java,okhttp/src/main/java/okhttp3/Protocol.java,0
MOD,1504120251000,MODIFY,okhttp/src/main/java/okhttp3/internal/cache/CacheInterceptor.java,okhttp/src/main/java/okhttp3/internal/cache/CacheInterceptor.java,0
MOD,1504120251000,MODIFY,okhttp/src/main/java/okhttp3/internal/cache/CacheStrategy.java,okhttp/src/main/java/okhttp3/internal/cache/CacheStrategy.java,0
MOD,1504120251000,MODIFY,okhttp/src/main/java/okhttp3/internal/http/HttpDate.java,okhttp/src/main/java/okhttp3/internal/http/HttpDate.java,0
MOD,1504131944000,MODIFY,mockwebserver/src/main/java/okhttp3/mockwebserver/MockWebServer.java,mockwebserver/src/main/java/okhttp3/mockwebserver/MockWebServer.java,0
MOD,1504131944000,MODIFY,okhttp-logging-interceptor/src/main/java/okhttp3/logging/HttpLoggingInterceptor.java,okhttp-logging-interceptor/src/main/java/okhttp3/logging/HttpLoggingInterceptor.java,0
MOD,1504131944000,MODIFY,okhttp-logging-interceptor/src/test/java/okhttp3/logging/HttpLoggingInterceptorTest.java,okhttp-logging-interceptor/src/test/java/okhttp3/logging/HttpLoggingInterceptorTest.java,0
MOD,1504131944000,MODIFY,okhttp-tests/src/test/java/okhttp3/CallTest.java,okhttp-tests/src/test/java/okhttp3/CallTest.java,0
MOD,1504131944000,MODIFY,okhttp-tests/src/test/java/okhttp3/internal/http2/HttpOverHttp2Test.java,okhttp-tests/src/test/java/okhttp3/internal/http2/HttpOverHttp2Test.java,0
MOD,1504144989000,MODIFY,mockwebserver/src/main/java/okhttp3/mockwebserver/MockWebServer.java,mockwebserver/src/main/java/okhttp3/mockwebserver/MockWebServer.java,0
MOD,1504144989000,MODIFY,mockwebserver/src/test/java/okhttp3/mockwebserver/MockWebServerTest.java,mockwebserver/src/test/java/okhttp3/mockwebserver/MockWebServerTest.java,0
MOD,1504144989000,MODIFY,okhttp-tests/src/test/java/okhttp3/internal/http/RecordingProxySelector.java,okhttp-tests/src/test/java/okhttp3/internal/http/RecordingProxySelector.java,0
MOD,1504145014000,MODIFY,okhttp-tests/src/test/java/okhttp3/CookieTest.java,okhttp-tests/src/test/java/okhttp3/CookieTest.java,0
MOD,1504145014000,MODIFY,okhttp-tests/src/test/java/okhttp3/internal/publicsuffix/PublicSuffixDatabaseTest.java,okhttp-tests/src/test/java/okhttp3/internal/publicsuffix/PublicSuffixDatabaseTest.java,0
MOD,1504145014000,MODIFY,okhttp/src/main/java/okhttp3/Cookie.java,okhttp/src/main/java/okhttp3/Cookie.java,0
MOD,1504145014000,MODIFY,okhttp/src/main/java/okhttp3/HttpUrl.java,okhttp/src/main/java/okhttp3/HttpUrl.java,0
MOD,1504145014000,MODIFY,okhttp/src/main/java/okhttp3/internal/Util.java,okhttp/src/main/java/okhttp3/internal/Util.java,0
MOD,1504164266000,MODIFY,okhttp-tests/src/test/java/okhttp3/EventListenerTest.java,okhttp-tests/src/test/java/okhttp3/EventListenerTest.java,0
MOD,1504210154000,MODIFY,okhttp-tests/src/test/java/okhttp3/internal/http2/HttpOverHttp2Test.java,okhttp-tests/src/test/java/okhttp3/internal/http2/HttpOverHttp2Test.java,0
MOD,1504210154000,MODIFY,okhttp/src/main/java/okhttp3/internal/connection/StreamAllocation.java,okhttp/src/main/java/okhttp3/internal/connection/StreamAllocation.java,0
MOD,1504211188000,MODIFY,okhttp-tests/src/test/java/okhttp3/HeadersTest.java,okhttp-tests/src/test/java/okhttp3/HeadersTest.java,0
MOD,1504211188000,MODIFY,okhttp-tests/src/test/java/okhttp3/URLConnectionTest.java,okhttp-tests/src/test/java/okhttp3/URLConnectionTest.java,0
MOD,1504211188000,MODIFY,okhttp-urlconnection/src/main/java/okhttp3/JavaNetAuthenticator.java,okhttp-urlconnection/src/main/java/okhttp3/JavaNetAuthenticator.java,0
MOD,1504211188000,MODIFY,okhttp/src/main/java/okhttp3/Challenge.java,okhttp/src/main/java/okhttp3/Challenge.java,0
MOD,1504211188000,MODIFY,okhttp/src/main/java/okhttp3/Credentials.java,okhttp/src/main/java/okhttp3/Credentials.java,0
MOD,1504211188000,MODIFY,okhttp/src/main/java/okhttp3/internal/Util.java,okhttp/src/main/java/okhttp3/internal/Util.java,0
MOD,1504211188000,MODIFY,okhttp/src/main/java/okhttp3/internal/http/HttpHeaders.java,okhttp/src/main/java/okhttp3/internal/http/HttpHeaders.java,0
MOD,1504229627000,MODIFY,mockwebserver/src/main/java/okhttp3/mockwebserver/MockWebServer.java,mockwebserver/src/main/java/okhttp3/mockwebserver/MockWebServer.java,0
MOD,1504229627000,MODIFY,okhttp-tests/src/test/java/okhttp3/internal/ws/WebSocketHttpTest.java,okhttp-tests/src/test/java/okhttp3/internal/ws/WebSocketHttpTest.java,0
MOD,1504244437000,MODIFY,okhttp-tests/src/test/java/okhttp3/ConnectionPoolTest.java,okhttp-tests/src/test/java/okhttp3/ConnectionPoolTest.java,0
MOD,1504244437000,MODIFY,okhttp-tests/src/test/java/okhttp3/EventListenerTest.java,okhttp-tests/src/test/java/okhttp3/EventListenerTest.java,0
MOD,1504244437000,MODIFY,okhttp/src/main/java/okhttp3/ConnectionPool.java,okhttp/src/main/java/okhttp3/ConnectionPool.java,0
MOD,1504244437000,MODIFY,okhttp/src/main/java/okhttp3/internal/connection/StreamAllocation.java,okhttp/src/main/java/okhttp3/internal/connection/StreamAllocation.java,0
MOD,1504283964000,MODIFY,okhttp-tests/src/test/java/okhttp3/internal/ws/WebSocketHttpTest.java,okhttp-tests/src/test/java/okhttp3/internal/ws/WebSocketHttpTest.java,0
MOD,1504284535000,MODIFY,okhttp/src/main/java/okhttp3/internal/ws/WebSocketReader.java,okhttp/src/main/java/okhttp3/internal/ws/WebSocketReader.java,0
MOD,1504284535000,MODIFY,okhttp/src/main/java/okhttp3/internal/ws/WebSocketWriter.java,okhttp/src/main/java/okhttp3/internal/ws/WebSocketWriter.java,0
MOD,1504301246000,MODIFY,okhttp-tests/src/test/java/okhttp3/CallTest.java,okhttp-tests/src/test/java/okhttp3/CallTest.java,0
MOD,1504301246000,MODIFY,okhttp/src/main/java/okhttp3/internal/cache/CacheInterceptor.java,okhttp/src/main/java/okhttp3/internal/cache/CacheInterceptor.java,0
MOD,1504301246000,MODIFY,okhttp/src/main/java/okhttp3/internal/http/BridgeInterceptor.java,okhttp/src/main/java/okhttp3/internal/http/BridgeInterceptor.java,0
MOD,1504301246000,MODIFY,okhttp/src/main/java/okhttp3/internal/http/RealResponseBody.java,okhttp/src/main/java/okhttp3/internal/http/RealResponseBody.java,0
MOD,1504301246000,MODIFY,okhttp/src/main/java/okhttp3/internal/http1/Http1Codec.java,okhttp/src/main/java/okhttp3/internal/http1/Http1Codec.java,0
MOD,1504301246000,MODIFY,okhttp/src/main/java/okhttp3/internal/http2/Http2Codec.java,okhttp/src/main/java/okhttp3/internal/http2/Http2Codec.java,0
MOD,1504346743000,MODIFY,samples/crawler/src/main/java/okhttp3/sample/Crawler.java,samples/crawler/src/main/java/okhttp3/sample/Crawler.java,0
MOD,1504346743000,MODIFY,samples/simple-client/src/main/java/okhttp3/sample/OkHttpContributors.java,samples/simple-client/src/main/java/okhttp3/sample/OkHttpContributors.java,0
MOD,1504481756000,MODIFY,okhttp-tests/src/test/java/okhttp3/EventListenerTest.java,okhttp-tests/src/test/java/okhttp3/EventListenerTest.java,0
MOD,1504481756000,MODIFY,okhttp-tests/src/test/java/okhttp3/HeadersTest.java,okhttp-tests/src/test/java/okhttp3/HeadersTest.java,0
MOD,1504481756000,MODIFY,okhttp-tests/src/test/java/okhttp3/RecordingEventListener.java,okhttp-tests/src/test/java/okhttp3/RecordingEventListener.java,0
MOD,1504481756000,MODIFY,okhttp/src/main/java/okhttp3/EventListener.java,okhttp/src/main/java/okhttp3/EventListener.java,0
MOD,1504481756000,MODIFY,okhttp/src/main/java/okhttp3/Headers.java,okhttp/src/main/java/okhttp3/Headers.java,0
MOD,1504481756000,MODIFY,okhttp/src/main/java/okhttp3/internal/http/CallServerInterceptor.java,okhttp/src/main/java/okhttp3/internal/http/CallServerInterceptor.java,0
MOD,1504496228000,MODIFY,CHANGELOG.md,CHANGELOG.md,0
MOD,1504496411000,MODIFY,CHANGELOG.md,CHANGELOG.md,0
MOD,1504507186000,MODIFY,okhttp-tests/src/test/java/okhttp3/EventListenerTest.java,okhttp-tests/src/test/java/okhttp3/EventListenerTest.java,0
MOD,1504550873000,MODIFY,CHANGELOG.md,CHANGELOG.md,0
MOD,1504551455000,MODIFY,okhttp/src/main/java/okhttp3/Connection.java,okhttp/src/main/java/okhttp3/Connection.java,0
MOD,1504556205000,MODIFY,okhttp/src/main/java/okhttp3/EventListener.java,okhttp/src/main/java/okhttp3/EventListener.java,0
MOD,1504558541000,MODIFY,okhttp/src/main/java/okhttp3/EventListener.java,okhttp/src/main/java/okhttp3/EventListener.java,0
MOD,1504558816000,MODIFY,benchmarks/pom.xml,benchmarks/pom.xml,0
MOD,1504558816000,MODIFY,mockwebserver/pom.xml,mockwebserver/pom.xml,0
MOD,1504558816000,MODIFY,okcurl/pom.xml,okcurl/pom.xml,0
MOD,1504558816000,MODIFY,okhttp-android-support/pom.xml,okhttp-android-support/pom.xml,0
MOD,1504558816000,MODIFY,okhttp-apache/pom.xml,okhttp-apache/pom.xml,0
MOD,1504558816000,MODIFY,okhttp-logging-interceptor/pom.xml,okhttp-logging-interceptor/pom.xml,0
MOD,1504558816000,MODIFY,okhttp-testing-support/pom.xml,okhttp-testing-support/pom.xml,0
MOD,1504558816000,MODIFY,okhttp-tests/pom.xml,okhttp-tests/pom.xml,0
MOD,1504558816000,MODIFY,okhttp-urlconnection/pom.xml,okhttp-urlconnection/pom.xml,0
MOD,1504558816000,MODIFY,okhttp/pom.xml,okhttp/pom.xml,0
MOD,1504558816000,MODIFY,pom.xml,pom.xml,0
MOD,1504558816000,MODIFY,samples/crawler/pom.xml,samples/crawler/pom.xml,0
MOD,1504558816000,MODIFY,samples/guide/pom.xml,samples/guide/pom.xml,0
MOD,1504558816000,MODIFY,samples/pom.xml,samples/pom.xml,0
MOD,1504558816000,MODIFY,samples/simple-client/pom.xml,samples/simple-client/pom.xml,0
MOD,1504558816000,MODIFY,samples/slack/pom.xml,samples/slack/pom.xml,0
MOD,1504558816000,MODIFY,samples/static-server/pom.xml,samples/static-server/pom.xml,0
MOD,1504558821000,MODIFY,benchmarks/pom.xml,benchmarks/pom.xml,0
MOD,1504558821000,MODIFY,mockwebserver/pom.xml,mockwebserver/pom.xml,0
MOD,1504558821000,MODIFY,okcurl/pom.xml,okcurl/pom.xml,0
MOD,1504558821000,MODIFY,okhttp-android-support/pom.xml,okhttp-android-support/pom.xml,0
MOD,1504558821000,MODIFY,okhttp-apache/pom.xml,okhttp-apache/pom.xml,0
MOD,1504558821000,MODIFY,okhttp-logging-interceptor/pom.xml,okhttp-logging-interceptor/pom.xml,0
MOD,1504558821000,MODIFY,okhttp-testing-support/pom.xml,okhttp-testing-support/pom.xml,0
MOD,1504558821000,MODIFY,okhttp-tests/pom.xml,okhttp-tests/pom.xml,0
MOD,1504558821000,MODIFY,okhttp-urlconnection/pom.xml,okhttp-urlconnection/pom.xml,0
MOD,1504558821000,MODIFY,okhttp/pom.xml,okhttp/pom.xml,0
MOD,1504558821000,MODIFY,pom.xml,pom.xml,0
MOD,1504558821000,MODIFY,samples/crawler/pom.xml,samples/crawler/pom.xml,0
MOD,1504558821000,MODIFY,samples/guide/pom.xml,samples/guide/pom.xml,0
MOD,1504558821000,MODIFY,samples/pom.xml,samples/pom.xml,0
MOD,1504558821000,MODIFY,samples/simple-client/pom.xml,samples/simple-client/pom.xml,0
MOD,1504558821000,MODIFY,samples/slack/pom.xml,samples/slack/pom.xml,0
MOD,1504558821000,MODIFY,samples/static-server/pom.xml,samples/static-server/pom.xml,0
MOD,1504562739000,MODIFY,README.md,README.md,0
MOD,1504714297000,ADD,/dev/null,samples/guide/src/main/java/okhttp3/recipes/PrintEvents.java,0
MOD,1504714297000,ADD,/dev/null,samples/guide/src/main/java/okhttp3/recipes/PrintEventsNonConcurrent.java,0
MOD,1505201544000,MODIFY,samples/guide/src/main/java/okhttp3/recipes/PrintEvents.java,samples/guide/src/main/java/okhttp3/recipes/PrintEvents.java,0
MOD,1505221817000,MODIFY,samples/guide/src/main/java/okhttp3/recipes/PrintEvents.java,samples/guide/src/main/java/okhttp3/recipes/PrintEvents.java,0
MOD,1505676944000,MODIFY,okhttp/src/main/java/okhttp3/OkHttpClient.java,okhttp/src/main/java/okhttp3/OkHttpClient.java,0
MOD,1505676944000,MODIFY,okhttp/src/main/java/okhttp3/internal/platform/AndroidPlatform.java,okhttp/src/main/java/okhttp3/internal/platform/AndroidPlatform.java,0
MOD,1505676944000,MODIFY,okhttp/src/main/java/okhttp3/internal/platform/Platform.java,okhttp/src/main/java/okhttp3/internal/platform/Platform.java,0
MOD,1505677120000,MODIFY,okhttp-tests/src/test/java/okhttp3/CallTest.java,okhttp-tests/src/test/java/okhttp3/CallTest.java,0
MOD,1505677120000,MODIFY,okhttp-tests/src/test/java/okhttp3/RecordedResponse.java,okhttp-tests/src/test/java/okhttp3/RecordedResponse.java,0
MOD,1505677120000,MODIFY,okhttp/src/main/java/okhttp3/internal/http1/Http1Codec.java,okhttp/src/main/java/okhttp3/internal/http1/Http1Codec.java,0
MOD,1505711796000,MODIFY,okhttp/src/main/java/okhttp3/internal/http1/Http1Codec.java,okhttp/src/main/java/okhttp3/internal/http1/Http1Codec.java,0
MOD,1505713530000,MODIFY,okhttp/src/main/java/okhttp3/internal/http1/Http1Codec.java,okhttp/src/main/java/okhttp3/internal/http1/Http1Codec.java,0
MOD,1506326725000,MODIFY,okhttp/src/main/java/okhttp3/internal/platform/AndroidPlatform.java,okhttp/src/main/java/okhttp3/internal/platform/AndroidPlatform.java,0
MOD,1507745981000,MODIFY,README.md,README.md,0
